anger,disgust,fear,happiness,sadness,surprise,neutral
0.0007460323,0.00019937508,0.000647328,0.00044628335,0.0050390833,0.003017581,0.98990434
0.000908438,0.0002656601,0.0007370133,0.00036478208,0.00520749,0.0041681044,0.9883485
0.0007604589,0.0002492487,0.0006290417,0.00039523432,0.0047706584,0.0041417577,0.98905367
0.0010256472,0.00031558835,0.0015379866,0.00048938254,0.004260175,0.011891165,0.9804801
0.0010066272,0.00031110295,0.0015199314,0.00047216308,0.0042765243,0.010928838,0.9814848
0.0007287419,0.0002139847,0.00077536015,0.00043819714,0.00361908,0.006521477,0.98770314
0.0007749649,0.00021650283,0.0007657716,0.00043418622,0.0035130687,0.006445923,0.98784953
0.00081221614,0.0003666714,0.00078583584,0.0005866737,0.0027950264,0.0041454183,0.9905082
0.000783038,0.00035439015,0.0007546139,0.00059142924,0.0027252692,0.0039902865,0.99080104
0.00086983416,0.0005011518,0.0014967452,0.00077539595,0.0051208404,0.008183639,0.9830524
0.0008620536,0.00055722095,0.0014587109,0.0008105793,0.004728446,0.008648863,0.9829342
0.0008027023,0.00041753188,0.0005234424,0.00040176438,0.0033843522,0.004178225,0.990292
0.000770807,0.000401349,0.00055923586,0.00039254452,0.0035556671,0.0042522885,0.9900681
0.00086065027,0.0006626807,0.0017106496,0.0009532669,0.0043015815,0.015018535,0.97649264
0.00081467757,0.0006531965,0.0017427098,0.0009929728,0.0041372543,0.0151180625,0.9765411
0.00079943007,0.00038270353,0.0007054697,0.00057961466,0.0029656636,0.006762289,0.9878049
0.0011063333,0.0007588374,0.0021312954,0.0010235858,0.004630923,0.015419513,0.97492945
0.0005076433,0.00021042181,0.000611658,0.0005212092,0.003401556,0.0036947266,0.9910528
0.00053450826,0.00022246671,0.0006136601,0.0005277274,0.003218578,0.0038593903,0.99102366
0.00071029377,0.00030290146,0.00066380773,0.0004905312,0.0035352977,0.0037921064,0.99050504
0.00068439374,0.00027860526,0.0006374976,0.00047244853,0.0034383412,0.003590816,0.99089795
0.0010101602,0.0007107035,0.001765109,0.0007309384,0.005300397,0.005961372,0.9845213
0.00066920224,0.00026018347,0.00066849805,0.00043784472,0.0034942382,0.0033111018,0.9911589
0.0011163361,0.00055362744,0.0010301825,0.0007467661,0.005700744,0.0017992352,0.9890531
0.0011557395,0.00056458736,0.0010515078,0.0008161493,0.005931978,0.0019045832,0.9885754
0.0008903411,0.00021801026,0.0007942455,0.0005587408,0.0031669782,0.0020677384,0.9923039
0.0008444196,0.00020652609,0.0007014455,0.00056523376,0.0030456588,0.0019836207,0.99265313
0.00084014394,0.00021355589,0.0006824303,0.00068456045,0.0030171978,0.0021676135,0.99239445
0.0008639456,0.00021837052,0.0006930115,0.00067719806,0.0029276223,0.0020695787,0.99255025
0.0009143054,0.00020886956,0.00084043364,0.00047264164,0.0051071127,0.0040363017,0.98842037
0.0009853027,0.00020617348,0.00088567793,0.00044234935,0.005000064,0.004461567,0.9880189
0.001162508,0.0003183863,0.0019618627,0.00056897395,0.0067222416,0.013630168,0.9756359
0.001133679,0.0002832319,0.0017555655,0.00052996253,0.0061917696,0.013233164,0.97687256
0.0016318187,0.0008897014,0.0037793943,0.0011192643,0.0071183923,0.019577578,0.9658839
0.0017252758,0.0008889839,0.004009713,0.0010686319,0.007118266,0.02207014,0.9631189
0.001514119,0.0008815524,0.0032473425,0.0008880417,0.0067638555,0.023980945,0.9627241
0.0016452274,0.00089450664,0.0035165579,0.00085383357,0.006824678,0.026571631,0.9596935
0.0011350149,0.00034326757,0.002013993,0.00044831756,0.0059614736,0.017293137,0.97280484
0.0010948926,0.00030986738,0.0017134197,0.00043888504,0.0056191967,0.015661752,0.975162
0.0013821482,0.0003784171,0.0020798922,0.00043177474,0.0057062986,0.020660017,0.9693615
0.0014003199,0.00038133148,0.002179365,0.0004181233,0.005846751,0.020766899,0.9690072
0.0011546618,0.00031506107,0.0018065908,0.00051925075,0.0045539653,0.017862476,0.97378796
0.0011562195,0.00030691954,0.0018118997,0.0005167172,0.0045300694,0.017749703,0.9739285
0.0013008404,0.0003209372,0.002252496,0.00060888747,0.0048503694,0.020987025,0.9696795
0.0012857659,0.00031076037,0.002258958,0.0006262583,0.0046732393,0.021426892,0.96941817
0.0014842058,0.0003408057,0.0018202828,0.00047501875,0.0041020787,0.016368661,0.975409
0.001408286,0.00032885207,0.0017696399,0.00047398638,0.004072435,0.015421257,0.9765255
0.00137118,0.00032720526,0.0015400781,0.00043136513,0.0036938002,0.0146357445,0.97800064
0.0015788377,0.0004006922,0.00137489,0.00063786365,0.003285513,0.008915037,0.9838072
0.0011715184,0.0003656037,0.0012479676,0.00062906195,0.0035608993,0.006505069,0.9865198
0.0010750034,0.0003410561,0.0014115945,0.00042556354,0.0039061706,0.012712872,0.9801278
0.0009408077,0.00060349057,0.00243118,0.0008227549,0.0044722683,0.013013988,0.97771543
0.0007975127,0.00026353484,0.0010482502,0.0003772972,0.0041914675,0.0071684998,0.9861535
0.0011454916,0.00073244155,0.0021595717,0.00060726464,0.0049329037,0.011114865,0.9793075
0.0010505939,0.0007032442,0.0019459509,0.00057479803,0.004892292,0.0081378175,0.9826952
0.0011320969,0.00075876113,0.002487679,0.0006021587,0.0059120674,0.008880931,0.9802263
0.0011485701,0.000776782,0.0026501466,0.00063707656,0.0058539514,0.009857783,0.9790757
0.00082892063,0.00027573147,0.00095004326,0.0003342569,0.004383746,0.0065013855,0.9867259
0.00082572876,0.0002709462,0.0009451015,0.0003299886,0.0043637203,0.0065042567,0.98676026
0.0008330504,0.00027706462,0.0011726297,0.00035673953,0.004659968,0.0059825704,0.98671806
0.0008299152,0.0002765983,0.0011859077,0.00037084988,0.004453266,0.0061129485,0.9867705
0.00067018106,0.00022753191,0.0011646146,0.0003323153,0.004652429,0.0071150125,0.9858379
0.0006879049,0.00023054953,0.0011724747,0.00033126012,0.004642349,0.00799678,0.98493874
0.00072944147,0.00022002694,0.0011012059,0.0003417324,0.004731961,0.007571452,0.9853042
0.0007159354,0.00023031095,0.0010984791,0.00035002572,0.004721005,0.007847439,0.9850368
0.000671429,0.00021832091,0.0005049103,0.00030002126,0.0044546514,0.0030445182,0.99080616
0.0006931074,0.00022907415,0.0004929877,0.0003073999,0.004317636,0.0029984515,0.9909614
0.0011343553,0.000574458,0.0010717391,0.0006139238,0.0043554795,0.0025254646,0.98972464
0.0011539964,0.00054377073,0.0011473015,0.00065451924,0.0041701,0.0029666729,0.9893637
0.0011620367,0.00025362923,0.0005647291,0.0003208027,0.0037651048,0.0022831105,0.9916505
0.0011634494,0.0002635789,0.0006588014,0.0003478495,0.004115403,0.0027026718,0.9907482
0.0013070696,0.00029232525,0.0008500326,0.00036688853,0.0040981323,0.0037803068,0.98930526
0.0012816053,0.00026199996,0.00092894357,0.00038331957,0.0043964256,0.0040347506,0.988713
0.0014327456,0.0003754071,0.0014687232,0.00037382517,0.0042733825,0.005477943,0.9865979
0.0014969234,0.00039914603,0.0017799891,0.00039960214,0.004453552,0.0062759407,0.98519486
0.0013570423,0.0003686711,0.001853035,0.0005012249,0.004682593,0.0070054494,0.98423195
0.0013720756,0.00035287658,0.001866394,0.00048750706,0.0046910914,0.006951777,0.98427826
0.0012131528,0.0003222981,0.0017113287,0.00038536655,0.004812968,0.0059032543,0.9856516
0.001203775,0.00031807373,0.0016348093,0.00036788016,0.004818906,0.0053829993,0.9862736
0.0011313882,0.00028962916,0.0009851693,0.00034559536,0.003913381,0.0044029574,0.9889319
0.0011017867,0.00029473743,0.0010128244,0.0003693074,0.004023258,0.004453033,0.98874503
0.0005527257,0.00025338322,0.00039663672,0.00023359882,0.005274958,0.0012688006,0.99201995
0.00067613675,0.0006272388,0.0009213906,0.000539637,0.006829413,0.0024617547,0.98794436
0.00076825777,0.00080710684,0.0010122195,0.000572643,0.005510564,0.0034134078,0.98791575
0.0007797784,0.0008089038,0.001046185,0.00058610603,0.005606534,0.003579328,0.9875931
0.0005580351,0.0005342907,0.000815674,0.0006138299,0.0048073237,0.0035090854,0.98916173
0.0005310187,0.00048051449,0.0007610069,0.0006273127,0.0041805995,0.0037872193,0.98963237
0.0005510595,0.00047155883,0.00094765535,0.00073084986,0.0044060675,0.0039783926,0.98891443
0.0005362652,0.0004503602,0.0009051677,0.0007164482,0.004241673,0.004122786,0.98902726
0.0004893066,0.00038955212,0.00076303154,0.00062294194,0.0037875066,0.0044997386,0.98944795
0.0004942491,0.00038502988,0.0007921451,0.000613207,0.003821795,0.004454051,0.98943955
0.0006592961,0.0005250232,0.0009581402,0.0008574219,0.0053024483,0.0030885725,0.9886091
0.00068173005,0.0005274595,0.0009695068,0.0008699306,0.00548611,0.003208833,0.9882564
0.0007539465,0.0005134961,0.0011899278,0.0009203818,0.0047201472,0.0035438426,0.9883583
0.0007034782,0.00048957096,0.0012084323,0.00086093403,0.005022675,0.003215752,0.9884991
0.00079600635,0.0005213096,0.0011041999,0.0007655045,0.005388175,0.004777876,0.9866469
0.0007806007,0.0005232076,0.0011133519,0.0007714954,0.0055183033,0.004941259,0.9863517
0.0010788529,0.0006876402,0.0010458357,0.00070946146,0.0051649264,0.0048907558,0.9864225
0.0011111033,0.00070807885,0.0011191528,0.00079205947,0.0050335946,0.004867216,0.9863688
0.00065769744,0.000257673,0.00051266834,0.00036172377,0.002905798,0.005223146,0.99008125
0.00066173193,0.00025650795,0.00052178616,0.0003679282,0.0029463524,0.0054645212,0.98978114
0.0006450466,0.00021747839,0.00050315465,0.0003121158,0.0031132635,0.0031531882,0.9920557
0.00062978145,0.00020313595,0.00044939204,0.00033021343,0.0031126428,0.0023634955,0.9929113
0.0005401091,0.0001891645,0.00042251137,0.00030587465,0.003075048,0.0024962812,0.992971
0.0005195242,0.00018243416,0.0004010493,0.0002732924,0.0031897004,0.0024974279,0.99293655
0.0007485933,0.00068529363,0.0010734978,0.00076910335,0.004140756,0.005468869,0.98711383
0.0007743405,0.0006956368,0.0011809157,0.0007714025,0.0043382933,0.0059311013,0.9863083
0.0006873251,0.0002899278,0.0008338557,0.00034465487,0.003990098,0.0045235665,0.98933053
0.0006077918,0.00027899464,0.00086716615,0.0003702584,0.004112,0.0042544752,0.98950934
0.00052461587,0.00021038116,0.0006541006,0.0003554934,0.003851572,0.0033875913,0.99101627
0.0005004022,0.000206604,0.0006132942,0.00036539036,0.003915878,0.0027970213,0.9916014
0.00063350576,0.00025552534,0.0006134547,0.00034182682,0.0040928544,0.0029824919,0.99108034
0.00058866706,0.00025733333,0.0005959245,0.0003251767,0.0040440173,0.002652571,0.99153626
0.00079644565,0.00060110015,0.0014310969,0.0006360895,0.0059843184,0.005404085,0.9851468
0.0008071494,0.00055417727,0.0013349686,0.00060310465,0.005878617,0.005097227,0.9857247
0.0005703398,0.00025226275,0.0005450144,0.00032461225,0.0038504915,0.00445893,0.9899983
0.00060491357,0.00026727415,0.0005945209,0.00030573542,0.0039385217,0.004717809,0.9895712
0.0010334738,0.0007920563,0.0018168516,0.00084487937,0.0048372294,0.0063413684,0.9843342
0.0010155906,0.0007903348,0.0017730899,0.00082959415,0.0048250975,0.0059355237,0.98483074
0.00065296906,0.00034907061,0.0007826581,0.0003833544,0.00409114,0.004005769,0.989735
0.0006150939,0.0003416703,0.00074964337,0.00039916116,0.0039643934,0.003925907,0.9900041
0.00073756353,0.00035754277,0.00077168137,0.00040852066,0.0034743883,0.0031814391,0.99106884
0.0006739612,0.0003275064,0.00070710556,0.00041071043,0.0033188595,0.0026967048,0.9918651
0.00080330536,0.00037154948,0.00088985875,0.0003759385,0.0044093127,0.0027759532,0.9903741
0.0007849994,0.00037113347,0.0007922182,0.00037456854,0.004225766,0.0025445807,0.9909067
0.0008348312,0.00038990634,0.00069931266,0.00036449113,0.0044280337,0.0022186649,0.9910648
0.0008515731,0.00036968445,0.000669337,0.00037526214,0.004159204,0.0020410668,0.99153394
0.0006515212,0.00030691942,0.00040809548,0.00034009744,0.0033526183,0.0017750433,0.9931657
0.0007022176,0.00034098708,0.0004221229,0.00033440551,0.0034632778,0.001853629,0.9928833
0.000706117,0.00035344006,0.00042618395,0.00033041727,0.003318741,0.0015511481,0.99331397
0.0007722088,0.00037265712,0.0004614734,0.0003180611,0.003587991,0.0015025546,0.99298507
0.0006526214,0.00038469705,0.00042578444,0.00033647503,0.003264422,0.0012263323,0.9937097
0.00063021533,0.00034483278,0.00041627273,0.00034809991,0.0033058706,0.0011588798,0.9937959
0.0013145756,0.0011476943,0.0012485769,0.00069507427,0.005587237,0.0027356658,0.98727113
0.0011508001,0.0010437029,0.0010651756,0.0006943254,0.0052188006,0.002157607,0.9886696
0.0007638866,0.0004681377,0.00047130836,0.00034225362,0.003172078,0.0015112002,0.9932712
0.00077052263,0.00045399074,0.0004508527,0.00032800683,0.0033408396,0.0014682761,0.99318755
0.00076798454,0.00041846544,0.00042529777,0.00029708017,0.0035470661,0.0014277482,0.9931164
0.00073082244,0.0004444754,0.0004262878,0.0003458918,0.0033124944,0.0013739056,0.99336606
