timestamp,x,y,l_x,l_y,r_x,r_y,pupil_l,pupil_r,event_type,fixation_x,fixation_y,event_duration,fixation_id,merged,event_id,aoi_type,aoi,aoi_id
0.0,1297.5679016113281,701.6424036026001,0.4819999933242798,0.4615967273712158,0.506862461566925,0.4872516691684723,3.17041015625,3.060150146484375,Fixation,1289.4192841093418,707.8397910069611,232.0,1.0,True,1,image,,10.0
4.0,1296.3638305664062,697.6265573501587,0.4837160408496856,0.4667089879512787,0.5063921213150024,0.4844628870487213,3.1757965087890625,3.0834503173828125,Fixation,1289.4192841093418,707.8397910069611,232.0,1.0,True,1,image,,10.0
8.0,1286.7953491210938,704.6534729003905,0.4833959937095642,0.4600138366222381,0.5026544332504272,0.4893426895141601,3.1719512939453125,3.085235595703125,Fixation,1289.4192841093418,707.8397910069611,232.0,1.0,True,1,image,,10.0
12.0,1297.5637817382812,702.8021478652953,0.4814561307430267,0.4560602009296417,0.5068608522415161,0.4880570471286773,3.1651153564453125,3.070068359375,Fixation,1289.4192841093418,707.8397910069611,232.0,1.0,True,1,image,,10.0
16.0,1288.1446838378906,702.0046949386597,0.4845317006111145,0.4559383690357208,0.503181517124176,0.4875032603740692,3.18536376953125,3.075653076171875,Fixation,1289.4192841093418,707.8397910069611,232.0,1.0,True,1,image,,10.0
20.0,1282.530517578125,699.0819025039672,0.4818693101406097,0.4619843959808349,0.5009884834289551,0.4854735434055328,3.188201904296875,3.072357177734375,Fixation,1289.4192841093418,707.8397910069611,232.0,1.0,True,1,image,,10.0
24.0,1289.17724609375,695.0831365585326,0.4823521077632904,0.455483078956604,0.5035848617553711,0.4826966226100921,3.184844970703125,3.079437255859375,Fixation,1289.4192841093418,707.8397910069611,232.0,1.0,True,1,image,,10.0
28.0,1286.0981750488281,692.426118850708,0.4819750487804413,0.4587429165840149,0.5023820996284485,0.4808514714241028,3.1936187744140625,3.063812255859375,Fixation,1289.4192841093418,707.8397910069611,232.0,1.0,True,1,image,,10.0
32.0,1296.3381958007812,695.0155019760131,0.483206182718277,0.4581623375415802,0.5063821077346802,0.4826496541500091,3.173828125,3.078277587890625,Fixation,1289.4192841093418,707.8397910069611,232.0,1.0,True,1,image,,10.0
36.0,1286.549072265625,698.1557464599609,0.4809501469135284,0.4614722430706024,0.5025582313537598,0.484830379486084,3.185150146484375,3.0706787109375,Fixation,1289.4192841093418,707.8397910069611,232.0,1.0,True,1,image,,10.0
40.0,1295.6346130371094,695.0880289077758,0.4812425971031189,0.4556096792221069,0.5061072707176208,0.4827000200748443,3.178985595703125,3.075469970703125,Fixation,1289.4192841093418,707.8397910069611,232.0,1.0,True,1,image,,10.0
44.0,1295.2388000488281,704.3631076812744,0.4799701869487762,0.4668419063091278,0.5059526562690735,0.489141047000885,3.20556640625,3.0990142822265625,Fixation,1289.4192841093418,707.8397910069611,232.0,1.0,True,1,image,,10.0
48.0,1295.1359558105469,705.0976467132568,0.4778036475181579,0.4647651612758636,0.5059124827384949,0.4896511435508728,3.1956024169921875,3.084823608398437,Fixation,1289.4192841093418,707.8397910069611,232.0,1.0,True,1,image,,10.0
52.0,1297.257080078125,712.4748802185059,0.4888690114021301,0.4582999944686889,0.5067410469055176,0.4947742223739624,3.17950439453125,3.1166534423828125,Fixation,1289.4192841093418,707.8397910069611,232.0,1.0,True,1,image,,10.0
56.0,1295.1945495605469,706.4008569717406,0.482691079378128,0.4624518752098083,0.5059353709220886,0.4905561506748199,3.195541381835937,3.0951385498046875,Fixation,1289.4192841093418,707.8397910069611,232.0,1.0,True,1,image,,10.0
60.0,1295.8241271972656,707.9988956451415,0.4860312044620514,0.4621122181415558,0.5061812996864319,0.4916658997535705,3.1828765869140625,3.0898895263671875,Fixation,1289.4192841093418,707.8397910069611,232.0,1.0,True,1,image,,10.0
64.0,1289.3301391601562,679.843339920044,0.4859620630741119,0.4595624208450317,0.503644585609436,0.4721134305000305,3.1880645751953125,3.064361572265625,Fixation,1289.4192841093418,707.8397910069611,232.0,1.0,True,1,image,,10.0
68.0,1287.403564453125,696.8248987197875,0.4857136905193329,0.462478369474411,0.502892017364502,0.4839061796665191,3.1820220947265625,3.083251953125,Fixation,1289.4192841093418,707.8397910069611,232.0,1.0,True,1,image,,10.0
72.0,1294.7802734375,692.0633554458618,0.4859202802181244,0.4647011160850525,0.5057735443115234,0.4805995523929596,3.183624267578125,3.0761871337890625,Fixation,1289.4192841093418,707.8397910069611,232.0,1.0,True,1,image,,10.0
76.0,1308.8853454589844,711.5052080154419,0.4853623211383819,0.4608875513076782,0.5112833380699158,0.4941008388996124,3.2030029296875,3.0973663330078125,Fixation,1289.4192841093418,707.8397910069611,232.0,1.0,True,1,image,,10.0
80.0,1304.3284606933594,696.4529514312744,0.4866420030593872,0.4570984840393066,0.5095033049583435,0.483647882938385,3.1807861328125,3.0802001953125,Fixation,1289.4192841093418,707.8397910069611,232.0,1.0,True,1,image,,10.0
84.0,1288.7739562988281,703.1549549102783,0.4827651381492615,0.4693630039691925,0.5034273266792297,0.4883020520210266,3.1982421875,3.0760040283203125,Fixation,1289.4192841093418,707.8397910069611,232.0,1.0,True,1,image,,10.0
88.0,1291.6856384277344,704.7153997421265,0.4838899075984955,0.4676272869110107,0.5045647025108337,0.4893856942653656,3.2017822265625,3.08831787109375,Fixation,1289.4192841093418,707.8397910069611,232.0,1.0,True,1,image,,10.0
92.0,1292.6234436035156,704.9737071990966,0.4868389368057251,0.47382652759552,0.5049310326576233,0.4895650744438171,3.195098876953125,3.0858612060546875,Fixation,1289.4192841093418,707.8397910069611,232.0,1.0,True,1,image,,10.0
96.0,1288.3244323730469,698.8701152801513,0.4827957451343536,0.4593985974788666,0.5032517313957214,0.4853264689445495,3.187713623046875,3.0846710205078125,Fixation,1289.4192841093418,707.8397910069611,232.0,1.0,True,1,image,,10.0
100.0,1287.8245544433594,698.58172416687,0.4865934252738952,0.4667698442935943,0.5030564665794373,0.4851261973381042,3.20733642578125,3.0886993408203125,Fixation,1289.4192841093418,707.8397910069611,232.0,1.0,True,1,image,,10.0
104.0,1291.796875,710.9365367889404,0.4847572743892669,0.4616331756114959,0.504608154296875,0.4937059283256531,3.1823883056640625,3.08807373046875,Fixation,1289.4192841093418,707.8397910069611,232.0,1.0,True,1,image,,10.0
108.0,1293.3763122558594,699.9050188064574,0.4861878454685211,0.4595580697059631,0.5052251219749451,0.4860451519489288,3.166122436523437,3.0903472900390625,Fixation,1289.4192841093418,707.8397910069611,232.0,1.0,True,1,image,,10.0
112.0,1282.4444580078125,707.2858572006226,0.4854868948459625,0.4660146832466125,0.5009548664093018,0.491170734167099,3.19122314453125,3.08331298828125,Fixation,1289.4192841093418,707.8397910069611,232.0,1.0,True,1,image,,10.0
116.0,1286.3557434082031,711.0116386413573,0.4820265769958496,0.4698704779148102,0.5024827122688293,0.4937580823898315,3.2047271728515625,3.1123199462890625,Fixation,1289.4192841093418,707.8397910069611,232.0,1.0,True,1,image,,10.0
120.0,1288.6701965332031,698.4738349914551,0.4845322668552398,0.4614996016025543,0.5033867955207825,0.4850512742996216,3.190155029296875,3.0904083251953125,Fixation,1289.4192841093418,707.8397910069611,232.0,1.0,True,1,image,,10.0
124.0,1286.5106201171875,710.7248783111571,0.4826598465442657,0.4638684689998626,0.5025432109832764,0.4935589432716369,3.1937408447265625,3.100448608398437,Fixation,1289.4192841093418,707.8397910069611,232.0,1.0,True,1,image,,10.0
128.0,1286.7056274414062,710.7298135757445,0.4781557917594909,0.4767607748508453,0.5026193857192993,0.4935623705387115,3.2064971923828125,3.0971221923828125,Fixation,1289.4192841093418,707.8397910069611,232.0,1.0,True,1,image,,10.0
132.0,1272.5599670410154,709.6822500228882,0.4830150604248047,0.4727313220500946,0.4970937371253967,0.4928348958492279,3.190155029296875,3.08636474609375,Fixation,1289.4192841093418,707.8397910069611,232.0,1.0,True,1,image,,10.0
136.0,1285.2761840820312,696.1104011535645,0.480658620595932,0.4707271456718445,0.5020610094070435,0.4834100008010864,3.1958770751953125,3.0857391357421875,Fixation,1289.4192841093418,707.8397910069611,232.0,1.0,True,1,image,,10.0
140.0,1292.3295593261719,700.0170278549194,0.4777522981166839,0.4637314975261688,0.5048162341117859,0.4861229360103607,3.1814117431640625,3.07574462890625,Fixation,1289.4192841093418,707.8397910069611,232.0,1.0,True,1,image,,10.0
144.0,1282.8054809570312,712.1248626708983,0.4789341390132904,0.4726870954036712,0.5010958909988403,0.4945311546325683,3.203155517578125,3.0864410400390625,Fixation,1289.4192841093418,707.8397910069611,232.0,1.0,True,1,image,,10.0
148.0,1281.8927001953125,707.2282648086548,0.4830506145954132,0.4619529247283935,0.500739336013794,0.4911307394504547,3.1921844482421875,3.093658447265625,Fixation,1289.4192841093418,707.8397910069611,232.0,1.0,True,1,image,,10.0
152.0,1291.6596984863281,711.8486595153807,0.4834746122360229,0.4731869995594024,0.5045545697212219,0.4943393468856811,3.1959991455078125,3.09722900390625,Fixation,1289.4192841093418,707.8397910069611,232.0,1.0,True,1,image,,10.0
156.0,1291.5647888183594,701.6230058670043,0.4825357794761657,0.4637856185436249,0.5045174956321716,0.487238198518753,3.203155517578125,3.075180053710937,Fixation,1289.4192841093418,707.8397910069611,232.0,1.0,True,1,image,,10.0
160.0,1299.5578002929688,709.5968914031982,0.4817971289157867,0.4754815697669983,0.5076397657394409,0.4927756190299988,3.2008514404296875,3.1002197265625,Fixation,1289.4192841093418,707.8397910069611,232.0,1.0,True,1,image,,10.0
164.0,1295.5766296386719,730.048885345459,0.4844322204589844,0.4734276831150055,0.5060846209526062,0.5069783926010132,3.197616577148437,3.1177978515625,Fixation,1289.4192841093418,707.8397910069611,232.0,1.0,True,1,image,,10.0
168.0,1299.8262023925781,707.5119352340698,0.4826411008834839,0.4671553373336792,0.5077446103096008,0.4913277328014374,3.1855621337890625,3.092193603515625,Fixation,1289.4192841093418,707.8397910069611,232.0,1.0,True,1,image,,10.0
172.0,1295.2536010742188,713.5272502899169,0.4822969734668731,0.4740270376205444,0.5059584379196167,0.4955050349235534,3.193511962890625,3.08026123046875,Fixation,1289.4192841093418,707.8397910069611,232.0,1.0,True,1,image,,10.0
176.0,1285.5589294433594,712.3267364501953,0.4829276800155639,0.4816880524158478,0.5021714568138123,0.4946713447570801,3.2177886962890625,3.089080810546875,Fixation,1289.4192841093418,707.8397910069611,232.0,1.0,True,1,image,,10.0
180.0,1291.0626220703125,713.4883260726929,0.4826911091804504,0.4689726233482361,0.5043213367462158,0.4954780042171478,3.1939239501953125,3.0947723388671875,Fixation,1289.4192841093418,707.8397910069611,232.0,1.0,True,1,image,,10.0
184.0,1288.533935546875,718.8042497634887,0.4834380447864532,0.4682628512382507,0.503333568572998,0.4991696178913116,3.1829986572265625,3.099761962890625,Fixation,1289.4192841093418,707.8397910069611,232.0,1.0,True,1,image,,10.0
188.0,1298.6990356445312,721.7171287536621,0.4806986451148987,0.4692902863025665,0.507304310798645,0.5011924505233765,3.1803436279296875,3.094573974609375,Fixation,1289.4192841093418,707.8397910069611,232.0,1.0,True,1,image,,10.0
192.0,1295.9947204589844,730.5615520477295,0.4841380417346954,0.4718505442142486,0.5062479376792908,0.5073344111442566,3.20379638671875,3.1131134033203125,Fixation,1289.4192841093418,707.8397910069611,232.0,1.0,True,1,image,,10.0
196.0,1286.6325378417969,722.6813507080078,0.4813231527805328,0.47754967212677,0.5025908350944519,0.5018620491027832,3.1948699951171875,3.0914764404296875,Fixation,1289.4192841093418,707.8397910069611,232.0,1.0,True,1,image,,10.0
200.0,1282.9696655273438,720.9523773193359,0.4832710325717926,0.4637911915779114,0.5011600255966187,0.5006613731384277,3.176605224609375,3.109481811523437,Fixation,1289.4192841093418,707.8397910069611,232.0,1.0,True,1,image,,10.0
204.0,1290.9970092773438,723.4660148620605,0.4822673797607422,0.4831174314022064,0.5042957067489624,0.5024069547653198,3.210784912109375,3.0855865478515625,Fixation,1289.4192841093418,707.8397910069611,232.0,1.0,True,1,image,,10.0
208.0,1273.837203979492,729.5225715637207,0.4806667864322662,0.4792033731937408,0.4975926578044891,0.5066128969192505,3.201263427734375,3.117172241210937,Fixation,1289.4192841093418,707.8397910069611,232.0,1.0,True,1,image,,10.0
212.0,1273.064193725586,713.7233304977416,0.4817653298377991,0.4782752096652984,0.497290700674057,0.4956412017345428,3.2069854736328125,3.091659545898437,Fixation,1289.4192841093418,707.8397910069611,232.0,1.0,True,1,image,,10.0
216.0,1278.0683135986326,711.2241554260254,0.4790794253349304,0.4771987199783325,0.4992454349994659,0.4939056634902954,3.216339111328125,3.099853515625,Fixation,1289.4192841093418,707.8397910069611,232.0,1.0,True,1,image,,10.0
220.0,1279.7791290283203,715.9763431549071,0.4795180261135101,0.4754157662391662,0.4999137222766876,0.4972057938575744,3.190704345703125,3.1007080078125,Fixation,1289.4192841093418,707.8397910069611,232.0,1.0,True,1,image,,10.0
224.0,1272.9020690917966,722.6126003265381,0.4805442988872528,0.4796122908592224,0.4972273707389831,0.5018143057823181,3.2168426513671875,3.10662841796875,Fixation,1289.4192841093418,707.8397910069611,232.0,1.0,True,1,image,,10.0
228.0,1286.9932556152344,714.2741060256957,0.4839727580547333,0.4701653122901916,0.5027317404747009,0.4960236847400665,3.203216552734375,3.0968017578125,Fixation,1289.4192841093418,707.8397910069611,232.0,1.0,True,1,image,,10.0
232.0,1271.1090087890623,735.9290599822998,0.477102518081665,0.4853681027889251,0.4965269565582275,0.5110618472099304,3.2078857421875,3.09429931640625,Fixation,1289.4192841093418,707.8397910069611,232.0,1.0,True,1,image,,10.0
236.0,1225.2108764648438,784.9557209014893,0.4627936482429504,0.5125105977058411,0.4785979986190796,0.5451081395149231,3.247177124023437,3.1256866455078125,Saccade,,,,0.0,False,2,,,
240.0,1208.0400085449219,815.6318664550781,0.4518816173076629,0.552412748336792,0.4718906283378601,0.566411018371582,3.2505645751953125,3.140869140625,Saccade,,,,0.0,False,2,,,
244.0,1202.6869201660154,897.506275177002,0.4428030550479889,0.5882875919342041,0.4697995781898498,0.6232682466506958,3.2633514404296875,3.1776885986328125,Saccade,,,,0.0,False,2,,,
248.0,1136.740951538086,958.1064319610596,0.4288915395736694,0.6384671926498413,0.4440394341945648,0.6653516888618469,3.25579833984375,3.180755615234375,Saccade,,,,0.0,False,2,,,
252.0,1102.8660583496091,1011.8461418151855,0.4195883572101593,0.675952672958374,0.4308070540428161,0.7026709318161011,3.2652740478515625,3.2126617431640625,Saccade,,,,0.0,False,2,,,
256.0,1066.2554931640625,1062.9265594482422,0.4023738801479339,0.7049128413200378,0.4165060520172119,0.7381434440612793,3.236679077148437,3.1881561279296875,Saccade,,,,0.0,False,2,,,
260.0,1051.377182006836,1106.1275482177734,0.3933930099010467,0.7372788190841675,0.4106942117214203,0.7681441307067871,3.254730224609375,3.17547607421875,Saccade,,,,0.0,False,2,,,
264.0,1024.6113586425781,1168.4854316711426,0.3938642144203186,0.7500115633010864,0.4002388119697571,0.8114482164382935,3.23956298828125,3.174102783203125,Fixation,1010.169529724121,1151.1786964416503,196.0,2.0,True,3,word,wearing,2.0
268.0,1004.0450286865234,1170.7275009155273,0.3812057375907898,0.766322910785675,0.3922050893306732,0.8130052089691162,3.235504150390625,3.1741180419921875,Fixation,1010.169529724121,1151.1786964416503,196.0,2.0,True,3,word,wearing,2.0
272.0,1004.1660308837891,1169.626121520996,0.3785622119903564,0.7700285315513611,0.3922523558139801,0.8122403621673584,3.22686767578125,3.1671905517578125,Fixation,1010.169529724121,1151.1786964416503,196.0,2.0,True,3,word,wearing,2.0
276.0,1004.760284423828,1172.7873516082764,0.3814590275287628,0.7686415910720825,0.3924844861030578,0.8144356608390808,3.2266845703125,3.189178466796875,Fixation,1010.169529724121,1151.1786964416503,196.0,2.0,True,3,word,wearing,2.0
280.0,1020.9465026855468,1165.2887535095215,0.3786698877811432,0.7702340483665466,0.3988072276115417,0.8092283010482788,3.2196197509765625,3.1683502197265625,Fixation,1010.169529724121,1151.1786964416503,196.0,2.0,True,3,word,wearing,2.0
284.0,1006.0839080810547,1175.3745460510254,0.3761263489723205,0.758388340473175,0.393001526594162,0.8162323236465454,3.23394775390625,3.1697998046875,Fixation,1010.169529724121,1151.1786964416503,196.0,2.0,True,3,word,wearing,2.0
288.0,995.470962524414,1168.65966796875,0.3751798868179321,0.7638999223709106,0.3888558447360992,0.8115692138671875,3.2270050048828125,3.163681030273437,Fixation,1010.169529724121,1151.1786964416503,196.0,2.0,True,3,word,wearing,2.0
292.0,1004.0776824951171,1169.9115085601807,0.3696667551994324,0.7674912810325623,0.3922178447246551,0.8124385476112366,3.227203369140625,3.156768798828125,Fixation,1010.169529724121,1151.1786964416503,196.0,2.0,True,3,word,wearing,2.0
296.0,1007.8914642333983,1158.889560699463,0.3744511306285858,0.7625223994255066,0.3937076032161712,0.8047844171524048,3.20849609375,3.16339111328125,Fixation,1010.169529724121,1151.1786964416503,196.0,2.0,True,3,word,wearing,2.0
300.0,995.0102996826171,1164.534559249878,0.3760853111743927,0.7659556269645691,0.3886758983135223,0.8087045550346375,3.22125244140625,3.149154663085937,Fixation,1010.169529724121,1151.1786964416503,196.0,2.0,True,3,word,wearing,2.0
304.0,995.9507751464843,1152.0605278015137,0.3770899474620819,0.7614709138870239,0.3890432715415954,0.8000420331954956,3.205062866210937,3.145172119140625,Fixation,1010.169529724121,1151.1786964416503,196.0,2.0,True,3,word,wearing,2.0
308.0,1008.8653564453125,1155.8349323272705,0.3779773116111755,0.7600680589675903,0.3940880298614502,0.8026631474494934,3.192535400390625,3.137237548828125,Fixation,1010.169529724121,1151.1786964416503,196.0,2.0,True,3,word,wearing,2.0
312.0,1001.2664794921874,1158.576364517212,0.3771995007991791,0.7588109374046326,0.3911197185516357,0.8045669198036194,3.2009429931640625,3.133636474609375,Fixation,1010.169529724121,1151.1786964416503,196.0,2.0,True,3,word,wearing,2.0
316.0,1005.7657623291016,1149.4934177398682,0.3739678859710693,0.7600298523902893,0.3928772509098053,0.7982593178749084,3.19036865234375,3.1262664794921875,Fixation,1010.169529724121,1151.1786964416503,196.0,2.0,True,3,word,wearing,2.0
320.0,1000.7666015624999,1163.2082176208496,0.3727863729000091,0.7556353211402893,0.3909244537353515,0.8077834844589233,3.18634033203125,3.135009765625,Fixation,1010.169529724121,1151.1786964416503,196.0,2.0,True,3,word,wearing,2.0
324.0,1012.1096801757811,1163.250961303711,0.3719513118267059,0.7534624338150024,0.3953553438186645,0.8078131675720215,3.1650543212890625,3.11822509765625,Fixation,1010.169529724121,1151.1786964416503,196.0,2.0,True,3,word,wearing,2.0
328.0,1009.3801116943359,1146.1280822753906,0.3772141337394714,0.7530525326728821,0.3942891061306,0.7959222793579102,3.157989501953125,3.11785888671875,Fixation,1010.169529724121,1151.1786964416503,196.0,2.0,True,3,word,wearing,2.0
332.0,1006.0476684570311,1152.2719287872314,0.3758006393909454,0.7486924529075623,0.3929873704910278,0.8001888394355774,3.155670166015625,3.1112518310546875,Fixation,1010.169529724121,1151.1786964416503,196.0,2.0,True,3,word,wearing,2.0
336.0,997.4713134765625,1137.680196762085,0.3726623058319092,0.7552182674407959,0.3896372318267822,0.7900556921958923,3.1400604248046875,3.08453369140625,Fixation,1010.169529724121,1151.1786964416503,196.0,2.0,True,3,word,wearing,2.0
340.0,1009.8842620849608,1139.4647026062012,0.3780305385589599,0.7559455037117004,0.3944860398769378,0.7912949323654175,3.14190673828125,3.0914459228515625,Fixation,1010.169529724121,1151.1786964416503,196.0,2.0,True,3,word,wearing,2.0
344.0,1013.1309509277343,1157.1780109405518,0.3741858601570129,0.7443378567695618,0.3957542777061462,0.8035958409309387,3.125961303710937,3.0787353515625,Fixation,1010.169529724121,1151.1786964416503,196.0,2.0,True,3,word,wearing,2.0
348.0,1020.9571838378906,1145.0982856750488,0.3751615583896637,0.7480635046958923,0.398811399936676,0.795207142829895,3.1297760009765625,3.092269897460937,Fixation,1010.169529724121,1151.1786964416503,196.0,2.0,True,3,word,wearing,2.0
352.0,1016.0846710205077,1149.4497299194336,0.3757024109363556,0.7506782412528992,0.3969080746173858,0.7982289791107178,3.1289825439453125,3.098968505859375,Fixation,1010.169529724121,1151.1786964416503,196.0,2.0,True,3,word,wearing,2.0
356.0,1005.2281188964844,1152.090311050415,0.3719060719013214,0.7460176944732666,0.3926672339439392,0.8000627160072327,3.10821533203125,3.07086181640625,Fixation,1010.169529724121,1151.1786964416503,196.0,2.0,True,3,word,wearing,2.0
360.0,1004.8097229003906,1140.2431869506836,0.3726004362106323,0.7469452619552612,0.3925037980079651,0.7918355464935303,3.086761474609375,3.0500030517578125,Fixation,1010.169529724121,1151.1786964416503,196.0,2.0,True,3,word,wearing,2.0
364.0,1005.2931213378906,1162.9700374603271,0.3744966685771942,0.7487404942512512,0.3926926255226135,0.8076180815696716,3.103179931640625,3.06683349609375,Fixation,1010.169529724121,1151.1786964416503,196.0,2.0,True,3,word,wearing,2.0
368.0,999.0055847167969,1144.0498638153076,0.3770167827606201,0.7494256496429443,0.3902365565299988,0.7944790720939636,3.0860137939453125,3.046127319335937,Fixation,1010.169529724121,1151.1786964416503,196.0,2.0,True,3,word,wearing,2.0
372.0,1013.0287170410155,1155.7254123687744,0.3754105567932129,0.7512732148170471,0.3957143425941467,0.80258709192276,3.0930633544921875,3.0589141845703125,Fixation,1010.169529724121,1151.1786964416503,196.0,2.0,True,3,word,wearing,2.0
376.0,1013.89892578125,1142.8331279754639,0.378934234380722,0.7439993619918823,0.3960542678833008,0.7936341166496277,3.067901611328125,3.032684326171875,Fixation,1010.169529724121,1151.1786964416503,196.0,2.0,True,3,word,wearing,2.0
380.0,1011.1512756347656,1142.010097503662,0.3727137148380279,0.7472184300422668,0.3949809670448303,0.7930625677108765,3.067245483398437,3.029052734375,Fixation,1010.169529724121,1151.1786964416503,196.0,2.0,True,3,word,wearing,2.0
384.0,1023.3386230468749,1140.3946781158447,0.3743977546691894,0.7508572936058044,0.3997416496276855,0.7919407486915588,3.050079345703125,3.01983642578125,Fixation,1010.169529724121,1151.1786964416503,196.0,2.0,True,3,word,wearing,2.0
388.0,1003.0879974365233,1145.5981636047363,0.3789941668510437,0.7482666373252869,0.3918312489986419,0.7955542802810669,3.055572509765625,3.0122528076171875,Fixation,1010.169529724121,1151.1786964416503,196.0,2.0,True,3,word,wearing,2.0
392.0,1002.3970031738281,1143.4621810913086,0.3681325912475586,0.7473364472389221,0.3915613293647766,0.7940709590911865,3.040374755859375,3.0008697509765625,Fixation,1010.169529724121,1151.1786964416503,196.0,2.0,True,3,word,wearing,2.0
396.0,1015.1622772216796,1149.5316982269287,0.370768129825592,0.752769410610199,0.3965477645397186,0.7982859015464783,3.03680419921875,3.009750366210937,Fixation,1010.169529724121,1151.1786964416503,196.0,2.0,True,3,word,wearing,2.0
400.0,1016.208267211914,1148.9855575561523,0.3760800063610077,0.750771701335907,0.3969563543796539,0.7979066371917725,3.032318115234375,2.9986572265625,Fixation,1010.169529724121,1151.1786964416503,196.0,2.0,True,3,word,wearing,2.0
404.0,1019.2630767822264,1141.2080097198486,0.3695105910301208,0.7494795322418213,0.3981496393680572,0.7925055623054504,3.008529663085937,3.0001220703125,Fixation,1010.169529724121,1151.1786964416503,196.0,2.0,True,3,word,wearing,2.0
408.0,1008.3037567138671,1138.9972686767578,0.3751033246517181,0.7574266195297241,0.3938686549663543,0.7909703254699707,3.004379272460937,2.9943389892578125,Fixation,1010.169529724121,1151.1786964416503,196.0,2.0,True,3,word,wearing,2.0
412.0,1006.3221740722655,1139.1998291015625,0.3720643818378448,0.7448359131813049,0.3930945992469787,0.7911109924316406,3.001205444335937,2.969940185546875,Fixation,1010.169529724121,1151.1786964416503,196.0,2.0,True,3,word,wearing,2.0
416.0,1007.6831817626952,1129.6189785003662,0.3716627359390259,0.7450540661811829,0.3936262428760528,0.7844576239585876,2.9882049560546875,2.95147705078125,Fixation,1010.169529724121,1151.1786964416503,196.0,2.0,True,3,word,wearing,2.0
420.0,1025.7371520996094,1139.9329948425293,0.3690817952156067,0.7415534257888794,0.4006785750389099,0.791620135307312,2.9842529296875,2.985107421875,Fixation,1010.169529724121,1151.1786964416503,196.0,2.0,True,3,word,wearing,2.0
424.0,1010.4185485839844,1141.7614459991455,0.3669901490211487,0.7524741888046265,0.3946947455406189,0.7928898930549622,2.9764556884765625,2.958724975585937,Fixation,1010.169529724121,1151.1786964416503,196.0,2.0,True,3,word,wearing,2.0
428.0,1006.0047149658202,1134.3233585357666,0.3719084858894348,0.7539178133010864,0.3929705917835235,0.7877245545387268,2.972137451171875,2.93609619140625,Fixation,1010.169529724121,1151.1786964416503,196.0,2.0,True,3,word,wearing,2.0
432.0,1022.8317260742188,1137.9395771026611,0.3722307085990906,0.7485774159431458,0.3995436429977417,0.7902358174324036,2.970733642578125,2.949493408203125,Fixation,1010.169529724121,1151.1786964416503,196.0,2.0,True,3,word,wearing,2.0
436.0,1009.8806762695311,1137.8658485412598,0.3725330829620361,0.7541530132293701,0.3944846391677856,0.7901846170425415,2.975570678710937,2.919784545898437,Fixation,1010.169529724121,1151.1786964416503,196.0,2.0,True,3,word,wearing,2.0
440.0,1006.5731811523438,1144.4019412994385,0.3698188662528991,0.7523393034934998,0.3931926488876343,0.7947235703468323,2.955413818359375,2.92364501953125,Fixation,1010.169529724121,1151.1786964416503,196.0,2.0,True,3,word,wearing,2.0
444.0,1010.4419708251953,1151.945514678955,0.3671769797801971,0.7533642649650574,0.3947038948535919,0.7999621629714966,2.9444732666015625,2.9314422607421875,Fixation,1010.169529724121,1151.1786964416503,196.0,2.0,True,3,word,wearing,2.0
448.0,1005.534210205078,1149.2169570922852,0.3642503917217254,0.7473677396774292,0.3927868008613586,0.7980673313140869,2.9393463134765625,2.910430908203125,Fixation,1010.169529724121,1151.1786964416503,196.0,2.0,True,3,word,wearing,2.0
452.0,999.2629241943359,1150.497465133667,0.370808869600296,0.7468841075897217,0.3903370797634125,0.798956573009491,2.9264678955078125,2.909454345703125,Fixation,1010.169529724121,1151.1786964416503,196.0,2.0,True,3,word,wearing,2.0
456.0,1020.7689666748047,1154.216079711914,0.3675269484519958,0.7461658120155334,0.3987378776073456,0.8015389442443848,2.91510009765625,2.918182373046875,Fixation,1010.169529724121,1151.1786964416503,196.0,2.0,True,3,word,wearing,2.0
460.0,1072.0962524414062,1145.9348773956299,0.3892812430858612,0.7494150400161743,0.4187875986099243,0.7957881093025208,2.9190216064453125,2.9028472900390625,Fixation,1010.169529724121,1151.1786964416503,196.0,2.0,True,3,word,wearing,2.0
464.0,1128.8410949707031,1144.3750762939453,0.4018222689628601,0.7449190616607666,0.4409535527229309,0.7947049140930176,2.8959197998046875,2.8968048095703125,Saccade,,,,0.0,False,4,,,
468.0,1222.1835327148435,1154.0729999542236,0.4319690465927124,0.7452630996704102,0.4774154424667358,0.8014395833015442,2.901611328125,2.879119873046875,Saccade,,,,0.0,False,4,,,
472.0,1286.3961791992188,1150.0437641143799,0.4570515751838684,0.7488552927970886,0.5024985074996948,0.7986415028572083,2.8880767822265625,2.85382080078125,Saccade,,,,0.0,False,4,,,
476.0,1366.5713500976562,1165.1025867462158,0.4748392701148987,0.7567245364189148,0.533816933631897,0.809099018573761,2.9003143310546875,2.857879638671875,Saccade,,,,0.0,False,4,,,
480.0,1394.6156311035156,1165.5332851409912,0.505694568157196,0.7442271113395691,0.5447717308998108,0.8093981146812439,2.8678436279296875,2.8564605712890625,Saccade,,,,0.0,False,4,,,
484.0,1429.71923828125,1165.3788757324219,0.5212572813034058,0.7424958944320679,0.5584840774536133,0.809290885925293,2.8769989013671875,2.8733367919921875,Fixation,1469.2088872736151,1151.5206371654165,172.0,3.0,True,5,word,laying,6.0
488.0,1447.5875854492188,1149.7955417633057,0.5359253883361816,0.7372218370437622,0.5654639005661011,0.7984691262245178,2.872665405273437,2.847274780273437,Fixation,1469.2088872736151,1151.5206371654165,172.0,3.0,True,5,word,laying,6.0
492.0,1478.323974609375,1152.0794105529785,0.5494683980941772,0.737123429775238,0.5774703025817871,0.8000551462173462,2.846420288085937,2.842147827148437,Fixation,1469.2088872736151,1151.5206371654165,172.0,3.0,True,5,word,laying,6.0
496.0,1491.3705444335938,1141.1730766296387,0.5514425039291382,0.7336438894271851,0.5825666189193726,0.7924813032150269,2.844955444335937,2.8429107666015625,Fixation,1469.2088872736151,1151.5206371654165,172.0,3.0,True,5,word,laying,6.0
500.0,1481.4498901367188,1144.6350574493408,0.5565965175628662,0.7267630696296692,0.5786913633346558,0.7948854565620422,2.83740234375,2.8470001220703125,Fixation,1469.2088872736151,1151.5206371654165,172.0,3.0,True,5,word,laying,6.0
504.0,1477.3928833007812,1150.9699630737305,0.5504596829414368,0.7250288128852844,0.5771065950393677,0.7992846965789795,2.831161499023437,2.83819580078125,Fixation,1469.2088872736151,1151.5206371654165,172.0,3.0,True,5,word,laying,6.0
508.0,1472.1282958984375,1159.2224979400635,0.5568159222602844,0.7260550260543823,0.5750501155853271,0.8050156235694885,2.809234619140625,2.837631225585937,Fixation,1469.2088872736151,1151.5206371654165,172.0,3.0,True,5,word,laying,6.0
512.0,1468.28369140625,1148.2527351379395,0.5520972609519958,0.7261181473731995,0.5735483169555664,0.7973977327346802,2.8333282470703125,2.8463592529296875,Fixation,1469.2088872736151,1151.5206371654165,172.0,3.0,True,5,word,laying,6.0
516.0,1472.7931213378906,1148.0967807769775,0.5581970810890198,0.7281937003135681,0.5753098130226135,0.7972894310951233,2.8083038330078125,2.836288452148437,Fixation,1469.2088872736151,1151.5206371654165,172.0,3.0,True,5,word,laying,6.0
520.0,1482.5801086425781,1150.8642196655273,0.544777512550354,0.7224319577217102,0.5791328549385071,0.7992112636566162,2.8229217529296875,2.829498291015625,Fixation,1469.2088872736151,1151.5206371654165,172.0,3.0,True,5,word,laying,6.0
524.0,1478.4149169921875,1155.486717224121,0.5485835671424866,0.7266659140586853,0.5775058269500732,0.8024213314056396,2.8163299560546875,2.8287353515625,Fixation,1469.2088872736151,1151.5206371654165,172.0,3.0,True,5,word,laying,6.0
528.0,1479.3904113769531,1156.6349601745605,0.5457124710083008,0.7221132516860962,0.5778868794441223,0.8032187223434448,2.774932861328125,2.825836181640625,Fixation,1469.2088872736151,1151.5206371654165,172.0,3.0,True,5,word,laying,6.0
532.0,1474.8374938964844,1143.938455581665,0.5550604462623596,0.7153367400169373,0.5761083960533142,0.7944017052650452,2.76300048828125,2.8006744384765625,Fixation,1469.2088872736151,1151.5206371654165,172.0,3.0,True,5,word,laying,6.0
536.0,1499.4371032714844,1147.853708267212,0.5468346476554871,0.7249711155891418,0.5857176184654236,0.7971206307411194,2.771026611328125,2.77880859375,Fixation,1469.2088872736151,1151.5206371654165,172.0,3.0,True,5,word,laying,6.0
540.0,1481.2092590332031,1151.8992519378662,0.539640486240387,0.7226333618164062,0.578597366809845,0.7999300360679626,2.7855377197265625,2.779037475585937,Fixation,1469.2088872736151,1151.5206371654165,172.0,3.0,True,5,word,laying,6.0
544.0,1464.1757202148438,1149.045639038086,0.5438339114189148,0.7246456146240234,0.5719436407089233,0.7979483604431152,2.774398803710937,2.78546142578125,Fixation,1469.2088872736151,1151.5206371654165,172.0,3.0,True,5,word,laying,6.0
548.0,1481.6268920898438,1148.2884407043457,0.5436267852783203,0.7217410802841187,0.5787605047225952,0.7974225282669067,2.76788330078125,2.787994384765625,Fixation,1469.2088872736151,1151.5206371654165,172.0,3.0,True,5,word,laying,6.0
552.0,1476.8722534179688,1142.4142742156982,0.5481825470924377,0.7209941148757935,0.576903223991394,0.7933432459831238,2.773529052734375,2.7489471435546875,Fixation,1469.2088872736151,1151.5206371654165,172.0,3.0,True,5,word,laying,6.0
556.0,1473.8735961914062,1151.7030429840088,0.5410087704658508,0.7297389507293701,0.5757318735122681,0.7997937798500061,2.7612762451171875,2.776473999023437,Fixation,1469.2088872736151,1151.5206371654165,172.0,3.0,True,5,word,laying,6.0
560.0,1450.9614562988281,1157.658405303955,0.5417000651359558,0.7300796508789062,0.5667818188667297,0.8039294481277466,2.767913818359375,2.788299560546875,Fixation,1469.2088872736151,1151.5206371654165,172.0,3.0,True,5,word,laying,6.0
564.0,1453.0471801757812,1151.7399501800537,0.5462280511856079,0.7287408113479614,0.5675965547561646,0.7998194098472595,2.749969482421875,2.77191162109375,Fixation,1469.2088872736151,1151.5206371654165,172.0,3.0,True,5,word,laying,6.0
568.0,1464.9087524414062,1156.4939403533936,0.537663996219635,0.7301075458526611,0.5722299814224243,0.8031207919120789,2.76513671875,2.7693023681640625,Fixation,1469.2088872736151,1151.5206371654165,172.0,3.0,True,5,word,laying,6.0
572.0,1463.3674621582031,1160.293321609497,0.5419327616691589,0.7234093546867371,0.5716279149055481,0.8057592511177063,2.7398681640625,2.773895263671875,Fixation,1469.2088872736151,1151.5206371654165,172.0,3.0,True,5,word,laying,6.0
576.0,1470.0946044921875,1145.361270904541,0.5435229539871216,0.7296581268310547,0.5742557048797607,0.7953897714614868,2.735092163085937,2.7550811767578125,Fixation,1469.2088872736151,1151.5206371654165,172.0,3.0,True,5,word,laying,6.0
580.0,1461.9911193847656,1143.2426261901855,0.5394014716148376,0.7279525399208069,0.5710902810096741,0.7939184904098511,2.762939453125,2.7422027587890625,Fixation,1469.2088872736151,1151.5206371654165,172.0,3.0,True,5,word,laying,6.0
584.0,1462.7114868164062,1161.042537689209,0.5434020161628723,0.7225785851478577,0.5713716745376587,0.8062795400619507,2.724960327148437,2.7628631591796875,Fixation,1469.2088872736151,1151.5206371654165,172.0,3.0,True,5,word,laying,6.0
588.0,1446.4462280273438,1152.2166538238525,0.5416387319564819,0.7248304486274719,0.5650180578231812,0.800150454044342,2.7274169921875,2.758209228515625,Fixation,1469.2088872736151,1151.5206371654165,172.0,3.0,True,5,word,laying,6.0
592.0,1462.8477478027344,1146.5742301940918,0.5396655201911926,0.7193291187286377,0.5714249014854431,0.7962321043014526,2.7379913330078125,2.756195068359375,Fixation,1469.2088872736151,1151.5206371654165,172.0,3.0,True,5,word,laying,6.0
596.0,1470.7992553710938,1152.1608638763428,0.5393854975700378,0.7280977368354797,0.5745309591293335,0.800111711025238,2.7286834716796875,2.7415313720703125,Fixation,1469.2088872736151,1151.5206371654165,172.0,3.0,True,5,word,laying,6.0
600.0,1468.7651062011719,1162.9364776611328,0.5456207990646362,0.7192698121070862,0.5737363696098328,0.8075947761535645,2.7188262939453125,2.75732421875,Fixation,1469.2088872736151,1151.5206371654165,172.0,3.0,True,5,word,laying,6.0
604.0,1457.9986572265625,1159.0346145629883,0.5477835536003113,0.7228875756263733,0.569530725479126,0.8048851490020752,2.719451904296875,2.75299072265625,Fixation,1469.2088872736151,1151.5206371654165,172.0,3.0,True,5,word,laying,6.0
608.0,1473.40087890625,1159.2307376861572,0.5406620502471924,0.7271139025688171,0.5755472183227539,0.805021345615387,2.706512451171875,2.7416534423828125,Fixation,1469.2088872736151,1151.5206371654165,172.0,3.0,True,5,word,laying,6.0
612.0,1480.4945373535156,1147.269458770752,0.5392604470252991,0.7212933301925659,0.578318178653717,0.7967149019241333,2.7194366455078125,2.732452392578125,Fixation,1469.2088872736151,1151.5206371654165,172.0,3.0,True,5,word,laying,6.0
616.0,1465.2943420410156,1141.765308380127,0.5426480770111084,0.719764769077301,0.5723806023597717,0.792892575263977,2.714828491210937,2.7274932861328125,Fixation,1469.2088872736151,1151.5206371654165,172.0,3.0,True,5,word,laying,6.0
620.0,1473.4516906738281,1148.1725692749023,0.5408961176872253,0.7258203029632568,0.5755670666694641,0.79734206199646,2.7320098876953125,2.7470855712890625,Fixation,1469.2088872736151,1151.5206371654165,172.0,3.0,True,5,word,laying,6.0
624.0,1465.7020568847656,1159.9187564849854,0.5372714400291443,0.7207261323928833,0.5725398659706116,0.8054991364479065,2.727813720703125,2.76739501953125,Fixation,1469.2088872736151,1151.5206371654165,172.0,3.0,True,5,word,laying,6.0
628.0,1463.5357666015625,1147.4406051635742,0.5446566343307495,0.7180414795875549,0.5716936588287354,0.7968337535858154,2.7023468017578125,2.7391815185546875,Fixation,1469.2088872736151,1151.5206371654165,172.0,3.0,True,5,word,laying,6.0
632.0,1475.3292846679688,1149.9383640289307,0.5446400046348572,0.7195823788642883,0.5763005018234253,0.7985683083534241,2.7099151611328125,2.713653564453125,Fixation,1469.2088872736151,1151.5206371654165,172.0,3.0,True,5,word,laying,6.0
636.0,1458.2225036621094,1151.6287994384766,0.5363044738769531,0.719383716583252,0.5696181654930115,0.7997422218322754,2.7076873779296875,2.74151611328125,Fixation,1469.2088872736151,1151.5206371654165,172.0,3.0,True,5,word,laying,6.0
640.0,1469.5252990722656,1152.3880577087402,0.5438854694366455,0.7175664305686951,0.5740333199501038,0.8002694845199585,2.709625244140625,2.74493408203125,Fixation,1469.2088872736151,1151.5206371654165,172.0,3.0,True,5,word,laying,6.0
644.0,1470.7991027832031,1153.85910987854,0.5412924289703369,0.7273092269897461,0.5745308995246887,0.8012910485267639,2.707748413085937,2.734405517578125,Fixation,1469.2088872736151,1151.5206371654165,172.0,3.0,True,5,word,laying,6.0
648.0,1444.8391723632812,1154.0034770965576,0.5338293313980103,0.7225496768951416,0.5643903017044067,0.8013913035392761,2.7078857421875,2.72515869140625,Fixation,1469.2088872736151,1151.5206371654165,172.0,3.0,True,5,word,laying,6.0
652.0,1472.8579711914062,1149.765329360962,0.5398654341697693,0.7231613397598267,0.5753351449966431,0.7984481453895569,2.709564208984375,2.7296142578125,Fixation,1469.2088872736151,1151.5206371654165,172.0,3.0,True,5,word,laying,6.0
656.0,1486.3323974609375,1145.0399208068848,0.5498719811439514,0.7182397842407227,0.5805985927581787,0.7951666116714478,2.732818603515625,2.704559326171875,Fixation,1469.2088872736151,1151.5206371654165,172.0,3.0,True,5,word,laying,6.0
660.0,1539.9671936035156,1159.8698329925537,0.5654527544975281,0.7188122868537903,0.6015496850013733,0.8054651618003845,2.7384490966796875,2.7497100830078125,Saccade,,,,0.0,False,6,,,
664.0,1590.6782531738281,1167.6059246063232,0.5859652161598206,0.7218605279922485,0.6213586926460266,0.81083744764328,2.719512939453125,2.7381591796875,Saccade,,,,0.0,False,6,,,
668.0,1607.4554443359375,1167.2432041168213,0.6028735041618347,0.7266731858253479,0.6279122829437256,0.8105855584144592,2.7223358154296875,2.7307891845703125,Saccade,,,,0.0,False,6,,,
672.0,1628.0801391601562,1166.1619091033936,0.6069350242614746,0.7277388572692871,0.635968804359436,0.8098346590995789,2.7114715576171875,2.727645874023437,Saccade,,,,0.0,False,6,,,
676.0,1645.0694274902344,1168.3593463897705,0.6108429431915283,0.7335230708122253,0.6426052451133728,0.8113606572151184,2.7061767578125,2.7416229248046875,Saccade,,,,0.0,False,6,,,
680.0,1674.6675109863281,1169.8671340942383,0.6236818432807922,0.7395219206809998,0.6541669964790344,0.8124077320098877,2.7154541015625,2.7284698486328125,Fixation,1678.7314974877143,1171.9647309087939,120.0,4.0,True,7,word,a,8.0
684.0,1694.927978515625,1177.4929332733154,0.636381208896637,0.7406229972839355,0.662081241607666,0.8177034258842468,2.71533203125,2.72393798828125,Fixation,1678.7314974877143,1171.9647309087939,120.0,4.0,True,7,word,a,8.0
688.0,1684.4578552246094,1167.7217102050781,0.637029230594635,0.7360737323760986,0.657991349697113,0.810917854309082,2.724365234375,2.722015380859375,Fixation,1678.7314974877143,1171.9647309087939,120.0,4.0,True,7,word,a,8.0
692.0,1687.1290588378906,1158.185749053955,0.6429536938667297,0.7401748299598694,0.659034788608551,0.8042956590652466,2.714202880859375,2.731689453125,Fixation,1678.7314974877143,1171.9647309087939,120.0,4.0,True,7,word,a,8.0
696.0,1681.9490051269531,1163.6851787567139,0.6391580104827881,0.7407928705215454,0.6570113301277161,0.8081147074699402,2.7310028076171875,2.736572265625,Fixation,1678.7314974877143,1171.9647309087939,120.0,4.0,True,7,word,a,8.0
700.0,1684.7817993164062,1165.5574893951416,0.6416850686073303,0.7326220870018005,0.6581178903579712,0.8094149231910706,2.72308349609375,2.722198486328125,Fixation,1678.7314974877143,1171.9647309087939,120.0,4.0,True,7,word,a,8.0
704.0,1676.54296875,1173.790454864502,0.6426366567611694,0.7383826375007629,0.6548995971679688,0.8151322603225708,2.720001220703125,2.7137451171875,Fixation,1678.7314974877143,1171.9647309087939,120.0,4.0,True,7,word,a,8.0
708.0,1672.3646545410156,1174.3346214294434,0.6370171308517456,0.7434998750686646,0.6532674431800842,0.8155101537704468,2.731674194335937,2.74151611328125,Fixation,1678.7314974877143,1171.9647309087939,120.0,4.0,True,7,word,a,8.0
712.0,1684.9659729003906,1173.0426979064941,0.643926739692688,0.7349346876144409,0.6581898331642151,0.8146129846572876,2.728866577148437,2.74493408203125,Fixation,1678.7314974877143,1171.9647309087939,120.0,4.0,True,7,word,a,8.0
716.0,1676.6790771484375,1168.5819911956787,0.6370270848274231,0.7322161197662354,0.6549527645111084,0.8115152716636658,2.71429443359375,2.7314910888671875,Fixation,1678.7314974877143,1171.9647309087939,120.0,4.0,True,7,word,a,8.0
720.0,1686.453857421875,1167.8716564178467,0.6327205300331116,0.7415332198143005,0.6587710380554199,0.8110219836235046,2.74017333984375,2.7347869873046875,Fixation,1678.7314974877143,1171.9647309087939,120.0,4.0,True,7,word,a,8.0
724.0,1666.2251281738281,1177.9531574249268,0.636573314666748,0.7413463592529297,0.6508691906929016,0.8180230259895325,2.7274169921875,2.707183837890625,Fixation,1678.7314974877143,1171.9647309087939,120.0,4.0,True,7,word,a,8.0
728.0,1678.7232971191406,1163.6424350738525,0.6395550966262817,0.7299498915672302,0.6557512879371643,0.808085024356842,2.718490600585937,2.721771240234375,Fixation,1678.7314974877143,1171.9647309087939,120.0,4.0,True,7,word,a,8.0
732.0,1670.8143615722656,1167.222604751587,0.6353034973144531,0.7287532091140747,0.6526618599891663,0.8105712532997131,2.725128173828125,2.716552734375,Fixation,1678.7314974877143,1171.9647309087939,120.0,4.0,True,7,word,a,8.0
736.0,1667.9782104492188,1178.1523704528809,0.6310634016990662,0.7305470705032349,0.6515539884567261,0.8181613683700562,2.7279815673828125,2.7256317138671875,Fixation,1678.7314974877143,1171.9647309087939,120.0,4.0,True,7,word,a,8.0
740.0,1682.4156188964844,1177.5005722045898,0.6362265348434448,0.7309059500694275,0.6571936011314392,0.8177087306976318,2.7131805419921875,2.718658447265625,Fixation,1678.7314974877143,1171.9647309087939,120.0,4.0,True,7,word,a,8.0
744.0,1676.3934326171875,1174.0608215332031,0.6332970857620239,0.7367749214172363,0.6548411846160889,0.8153200149536133,2.721771240234375,2.730438232421875,Fixation,1678.7314974877143,1171.9647309087939,120.0,4.0,True,7,word,a,8.0
748.0,1687.6655578613281,1170.8966732025146,0.630007803440094,0.733217179775238,0.6592443585395813,0.8131226897239685,2.7374725341796875,2.72198486328125,Fixation,1678.7314974877143,1171.9647309087939,120.0,4.0,True,7,word,a,8.0
752.0,1683.8870239257812,1178.5126876831055,0.6311366558074951,0.7352441549301147,0.6577683687210083,0.8184115886688232,2.7212066650390625,2.713226318359375,Fixation,1678.7314974877143,1171.9647309087939,120.0,4.0,True,7,word,a,8.0
756.0,1680.2125549316406,1178.695764541626,0.6349655389785767,0.7325727939605713,0.6563330292701721,0.8185387253761292,2.7250518798828125,2.7380523681640625,Fixation,1678.7314974877143,1171.9647309087939,120.0,4.0,True,7,word,a,8.0
760.0,1683.78662109375,1173.0924797058105,0.6282631158828735,0.7348487973213196,0.6577291488647461,0.8146475553512573,2.7295074462890625,2.7332916259765625,Fixation,1678.7314974877143,1171.9647309087939,120.0,4.0,True,7,word,a,8.0
764.0,1684.4830322265625,1170.0136470794678,0.6287747621536255,0.7301191687583923,0.658001184463501,0.8125094771385193,2.717864990234375,2.73486328125,Fixation,1678.7314974877143,1171.9647309087939,120.0,4.0,True,7,word,a,8.0
768.0,1695.0141906738281,1173.0022716522217,0.6267717480659485,0.7268388271331787,0.6621149182319641,0.8145849108695984,2.716796875,2.7146148681640625,Fixation,1678.7314974877143,1171.9647309087939,120.0,4.0,True,7,word,a,8.0
772.0,1673.680419921875,1167.956199645996,0.6227690577507019,0.7330664396286011,0.6537814140319824,0.8110806941986084,2.74725341796875,2.714385986328125,Fixation,1678.7314974877143,1171.9647309087939,120.0,4.0,True,7,word,a,8.0
776.0,1693.9567565917969,1173.7107181549072,0.6303980946540833,0.731575608253479,0.6617018580436707,0.8150768876075745,2.7325592041015625,2.710601806640625,Fixation,1678.7314974877143,1171.9647309087939,120.0,4.0,True,7,word,a,8.0
780.0,1695.0473022460938,1178.972396850586,0.6304072737693787,0.7306056022644043,0.6621278524398804,0.8187308311462402,2.724105834960937,2.726425170898437,Fixation,1678.7314974877143,1171.9647309087939,120.0,4.0,True,7,word,a,8.0
784.0,1686.0508728027344,1165.3920936584473,0.6305712461471558,0.7316488027572632,0.6586136221885681,0.8093000650405884,2.7321929931640625,2.7288818359375,Fixation,1678.7314974877143,1171.9647309087939,120.0,4.0,True,7,word,a,8.0
788.0,1681.5371704101562,1173.1298160552979,0.6308043003082275,0.7361886501312256,0.6568504571914673,0.8146734833717346,2.7068328857421875,2.713897705078125,Fixation,1678.7314974877143,1171.9647309087939,120.0,4.0,True,7,word,a,8.0
792.0,1670.2900695800781,1189.8153018951416,0.6328156590461731,0.7345001101493835,0.652457058429718,0.8262606263160706,2.727294921875,2.742034912109375,Fixation,1678.7314974877143,1171.9647309087939,120.0,4.0,True,7,word,a,8.0
796.0,1637.2698974609375,1172.7240943908691,0.6274693012237549,0.7360012531280518,0.6395585536956787,0.8143917322158813,2.717620849609375,2.730865478515625,Fixation,1678.7314974877143,1171.9647309087939,120.0,4.0,True,7,word,a,8.0
800.0,1640.3251647949219,1166.328935623169,0.6053207516670227,0.7357803583145142,0.6407520174980164,0.8099506497383118,2.7268829345703125,2.709259033203125,Fixation,1678.7314974877143,1171.9647309087939,120.0,4.0,True,7,word,a,8.0
804.0,1560.1390075683594,1163.1093406677246,0.5831846594810486,0.7336899042129517,0.6094292998313904,0.8077148199081421,2.74444580078125,2.7221832275390625,Saccade,,,,0.0,False,8,,,
808.0,1521.8534851074219,1166.9799613952637,0.5659804344177246,0.7199845910072327,0.5944740176200867,0.8104027509689331,2.7369384765625,2.7351531982421875,Saccade,,,,0.0,False,8,,,
812.0,1498.1756591796875,1149.034481048584,0.5480892062187195,0.7315735220909119,0.5852248668670654,0.7979406118392944,2.725677490234375,2.7129058837890625,Saccade,,,,0.0,False,8,,,
816.0,1448.6590576171875,1156.2243461608887,0.54135662317276,0.7305901646614075,0.5658824443817139,0.8029335737228394,2.7216949462890625,2.724151611328125,Fixation,1427.9887099493117,1161.3185814448766,164.0,5.0,True,9,word,hoodie,5.0
820.0,1442.6556396484375,1166.9246864318848,0.5319154262542725,0.7216736674308777,0.5635373592376709,0.8103643655776978,2.6988067626953125,2.714263916015625,Fixation,1427.9887099493117,1161.3185814448766,164.0,5.0,True,9,word,hoodie,5.0
824.0,1443.0961608886719,1166.1761569976807,0.5236101150512695,0.7238003015518188,0.5637094378471375,0.8098445534706116,2.7083740234375,2.7130889892578125,Fixation,1427.9887099493117,1161.3185814448766,164.0,5.0,True,9,word,hoodie,5.0
828.0,1423.0972290039062,1162.9593086242676,0.5288782119750977,0.7253936529159546,0.5558973550796509,0.8076106309890747,2.7188873291015625,2.71466064453125,Fixation,1427.9887099493117,1161.3185814448766,164.0,5.0,True,9,word,hoodie,5.0
832.0,1414.9101257324219,1165.506935119629,0.5247283577919006,0.7267468571662903,0.5526992678642273,0.8093798160552979,2.72344970703125,2.723052978515625,Fixation,1427.9887099493117,1161.3185814448766,164.0,5.0,True,9,word,hoodie,5.0
836.0,1423.0908203125,1160.9405708312988,0.5215288400650024,0.7161493301391602,0.5558948516845703,0.8062087297439575,2.704330444335937,2.73828125,Fixation,1427.9887099493117,1161.3185814448766,164.0,5.0,True,9,word,hoodie,5.0
840.0,1424.9253845214844,1171.887845993042,0.5244747996330261,0.7150990962982178,0.5566114783287048,0.8138110041618347,2.715545654296875,2.733367919921875,Fixation,1427.9887099493117,1161.3185814448766,164.0,5.0,True,9,word,hoodie,5.0
844.0,1427.8861999511719,1162.6025104522705,0.5224223136901855,0.7169477343559265,0.5577680468559265,0.8073628544807434,2.718658447265625,2.7325592041015625,Fixation,1427.9887099493117,1161.3185814448766,164.0,5.0,True,9,word,hoodie,5.0
848.0,1423.5009765625,1161.0413360595703,0.53253573179245,0.7227432727813721,0.5560550689697266,0.8062787055969238,2.716796875,2.7217254638671875,Fixation,1427.9887099493117,1161.3185814448766,164.0,5.0,True,9,word,hoodie,5.0
852.0,1429.8764038085938,1162.7258491516113,0.5277271866798401,0.7103914022445679,0.5585454702377319,0.8074485063552856,2.7033843994140625,2.735809326171875,Fixation,1427.9887099493117,1161.3185814448766,164.0,5.0,True,9,word,hoodie,5.0
856.0,1427.0442199707031,1158.1551933288574,0.530454695224762,0.7136633992195129,0.5574391484260559,0.8042744398117065,2.712371826171875,2.730331420898437,Fixation,1427.9887099493117,1161.3185814448766,164.0,5.0,True,9,word,hoodie,5.0
860.0,1428.0781555175781,1155.0744724273682,0.5294376015663147,0.714008092880249,0.557843029499054,0.8021350502967834,2.72894287109375,2.730621337890625,Fixation,1427.9887099493117,1161.3185814448766,164.0,5.0,True,9,word,hoodie,5.0
864.0,1414.4125366210938,1162.483892440796,0.5331528186798096,0.7086083292961121,0.5525048971176147,0.8072804808616638,2.71435546875,2.7340545654296875,Fixation,1427.9887099493117,1161.3185814448766,164.0,5.0,True,9,word,hoodie,5.0
868.0,1419.0518188476562,1160.3128051757812,0.5314978957176208,0.7156793475151062,0.5543171167373657,0.8057727813720703,2.706771850585937,2.727279663085937,Fixation,1427.9887099493117,1161.3185814448766,164.0,5.0,True,9,word,hoodie,5.0
872.0,1430.33447265625,1156.9745922088623,0.534142792224884,0.7092682719230652,0.5587244033813477,0.803454577922821,2.7109832763671875,2.73992919921875,Fixation,1427.9887099493117,1161.3185814448766,164.0,5.0,True,9,word,hoodie,5.0
876.0,1427.2305297851562,1155.9311485290527,0.5322055816650391,0.716829240322113,0.5575119256973267,0.8027299642562866,2.7113494873046875,2.747222900390625,Fixation,1427.9887099493117,1161.3185814448766,164.0,5.0,True,9,word,hoodie,5.0
880.0,1433.309326171875,1165.21897315979,0.5406687259674072,0.7117498517036438,0.5598864555358887,0.8091798424720764,2.698333740234375,2.72589111328125,Fixation,1427.9887099493117,1161.3185814448766,164.0,5.0,True,9,word,hoodie,5.0
884.0,1429.8335266113281,1150.085391998291,0.5348844528198242,0.7144125699996948,0.55852872133255,0.7986704111099243,2.72412109375,2.751129150390625,Fixation,1427.9887099493117,1161.3185814448766,164.0,5.0,True,9,word,hoodie,5.0
888.0,1433.8081359863281,1153.2261943817139,0.5310335159301758,0.7147210836410522,0.5600813031196594,0.8008515238761902,2.724884033203125,2.72607421875,Fixation,1427.9887099493117,1161.3185814448766,164.0,5.0,True,9,word,hoodie,5.0
892.0,1422.8134155273438,1161.8859958648682,0.5384417772293091,0.7204342484474182,0.5557864904403687,0.8068652749061584,2.7271881103515625,2.7288360595703125,Fixation,1427.9887099493117,1161.3185814448766,164.0,5.0,True,9,word,hoodie,5.0
896.0,1424.10400390625,1155.042371749878,0.5345309376716614,0.7154691815376282,0.5562906265258789,0.8021127581596375,2.707061767578125,2.7205047607421875,Fixation,1427.9887099493117,1161.3185814448766,164.0,5.0,True,9,word,hoodie,5.0
900.0,1409.7285461425781,1166.3716793060303,0.5334075689315796,0.7181936502456665,0.5506752133369446,0.8099803328514099,2.7295379638671875,2.7351531982421875,Fixation,1427.9887099493117,1161.3185814448766,164.0,5.0,True,9,word,hoodie,5.0
904.0,1432.5933837890625,1156.867733001709,0.5328438878059387,0.721570611000061,0.5596067905426025,0.8033803701400757,2.739654541015625,2.75335693359375,Fixation,1427.9887099493117,1161.3185814448766,164.0,5.0,True,9,word,hoodie,5.0
908.0,1417.5621032714844,1166.1019134521484,0.533053994178772,0.7152922749519348,0.5537351965904236,0.8097929954528809,2.72161865234375,2.739852905273437,Fixation,1427.9887099493117,1161.3185814448766,164.0,5.0,True,9,word,hoodie,5.0
912.0,1421.1585998535156,1162.7093696594238,0.5354394316673279,0.717845618724823,0.5551400780677795,0.8074370622634888,2.7138671875,2.749725341796875,Fixation,1427.9887099493117,1161.3185814448766,164.0,5.0,True,9,word,hoodie,5.0
916.0,1420.5874633789062,1163.9988040924072,0.5337077379226685,0.7174913883209229,0.5549169778823853,0.8083325028419495,2.74322509765625,2.74176025390625,Fixation,1427.9887099493117,1161.3185814448766,164.0,5.0,True,9,word,hoodie,5.0
920.0,1414.4436645507812,1171.8477630615234,0.5294288992881775,0.7200461626052856,0.5525170564651489,0.8137831687927246,2.738754272460937,2.7503662109375,Fixation,1427.9887099493117,1161.3185814448766,164.0,5.0,True,9,word,hoodie,5.0
924.0,1415.6678771972656,1166.0642337799072,0.5330996513366699,0.7188995480537415,0.5529952645301819,0.8097668290138245,2.72125244140625,2.7252197265625,Fixation,1427.9887099493117,1161.3185814448766,164.0,5.0,True,9,word,hoodie,5.0
928.0,1417.8598022460938,1162.456169128418,0.5341797471046448,0.7168635129928589,0.5538514852523804,0.8072612285614014,2.7160186767578125,2.740966796875,Fixation,1427.9887099493117,1161.3185814448766,164.0,5.0,True,9,word,hoodie,5.0
932.0,1423.0509948730469,1174.2416667938232,0.5305135846138,0.7221304178237915,0.5558792948722839,0.815445601940155,2.745391845703125,2.7471923828125,Fixation,1427.9887099493117,1161.3185814448766,164.0,5.0,True,9,word,hoodie,5.0
936.0,1437.9620361328125,1170.5794429779053,0.5293407440185547,0.7253113985061646,0.5617039203643799,0.8129023909568787,2.735321044921875,2.751571655273437,Fixation,1427.9887099493117,1161.3185814448766,164.0,5.0,True,9,word,hoodie,5.0
940.0,1433.3587646484375,1173.085012435913,0.5296527743339539,0.7184044122695923,0.5599057674407959,0.8146423697471619,2.752182006835937,2.7391815185546875,Fixation,1427.9887099493117,1161.3185814448766,164.0,5.0,True,9,word,hoodie,5.0
944.0,1425.8612060546875,1166.7156028747559,0.5365632772445679,0.7198629975318909,0.5569770336151123,0.8102191686630249,2.7621612548828125,2.762557983398437,Fixation,1427.9887099493117,1161.3185814448766,164.0,5.0,True,9,word,hoodie,5.0
948.0,1438.9399719238281,1158.2569026947021,0.5243932008743286,0.723556637763977,0.5620859265327454,0.8043450713157654,2.7432861328125,2.743194580078125,Fixation,1427.9887099493117,1161.3185814448766,164.0,5.0,True,9,word,hoodie,5.0
952.0,1428.9820861816406,1165.1777744293213,0.5344241261482239,0.7214909791946411,0.5581961274147034,0.8091512322425842,2.7472076416015625,2.7696685791015625,Fixation,1427.9887099493117,1161.3185814448766,164.0,5.0,True,9,word,hoodie,5.0
956.0,1425.5349731445312,1168.564567565918,0.5321834683418274,0.7223501801490784,0.5568495988845825,0.8115031719207764,2.73309326171875,2.743377685546875,Fixation,1427.9887099493117,1161.3185814448766,164.0,5.0,True,9,word,hoodie,5.0
960.0,1442.3255920410156,1162.5066375732422,0.5317904353141785,0.7216004729270935,0.5634084343910217,0.8072962760925293,2.75390625,2.75,Fixation,1427.9887099493117,1161.3185814448766,164.0,5.0,True,9,word,hoodie,5.0
964.0,1411.1178588867188,1161.5432739257812,0.5321204662322998,0.7284494638442993,0.5512179136276245,0.8066272735595703,2.7502593994140625,2.7501220703125,Fixation,1427.9887099493117,1161.3185814448766,164.0,5.0,True,9,word,hoodie,5.0
968.0,1423.4373474121094,1164.4055557250977,0.5316272974014282,0.7205525040626526,0.5560302138328552,0.80861496925354,2.7538299560546875,2.7637481689453125,Fixation,1427.9887099493117,1161.3185814448766,164.0,5.0,True,9,word,hoodie,5.0
972.0,1430.6326293945312,1172.6246166229248,0.5355165004730225,0.7104675769805908,0.5588408708572388,0.8143226504325867,2.733642578125,2.7423858642578125,Fixation,1427.9887099493117,1161.3185814448766,164.0,5.0,True,9,word,hoodie,5.0
976.0,1459.027099609375,1134.135217666626,0.5373599529266357,0.7080382704734802,0.5699324607849121,0.7875939011573792,2.760498046875,2.7476959228515625,Fixation,1427.9887099493117,1161.3185814448766,164.0,5.0,True,9,word,hoodie,5.0
980.0,1453.9756774902344,1115.745906829834,0.5393378734588623,0.691236138343811,0.5679592490196228,0.7748235464096069,2.7575836181640625,2.75531005859375,Fixation,1427.9887099493117,1161.3185814448766,164.0,5.0,True,9,word,hoodie,5.0
984.0,1467.6788330078125,1083.0089664459229,0.5396290421485901,0.6573913097381592,0.5733120441436768,0.7520895600318909,2.7510528564453125,2.7692108154296875,Saccade,,,,0.0,False,10,,,
988.0,1462.4345397949219,1051.4320278167725,0.5388733148574829,0.6465874314308167,0.5712634921073914,0.7301611304283142,2.7532196044921875,2.780670166015625,Saccade,,,,0.0,False,10,,,
992.0,1448.4274291992188,1038.4087657928467,0.537548840045929,0.6384273171424866,0.5657919645309448,0.7211171984672546,2.7579498291015625,2.765731811523437,Saccade,,,,0.0,False,10,,,
996.0,1427.4360656738281,1001.8583679199219,0.5385571122169495,0.6259564161300659,0.5575922131538391,0.695734977722168,2.7825469970703125,2.781845092773437,Saccade,,,,0.0,False,10,,,
1000.0,1434.910888671875,962.854585647583,0.5320426821708679,0.5974622368812561,0.5605120658874512,0.6686490178108215,2.7524871826171875,2.743682861328125,Saccade,,,,0.0,False,10,,,
1004.0,1425.5502319335938,940.8613300323486,0.5345314741134644,0.5737302899360657,0.5568555593490601,0.6533759236335754,2.7430419921875,2.748687744140625,Saccade,,,,0.0,False,10,,,
1008.0,1442.4998474121094,940.5752563476562,0.5386322736740112,0.5468199253082275,0.5634765028953552,0.6531772613525391,2.742401123046875,2.75909423828125,Saccade,,,,0.0,False,10,,,
1012.0,1447.1183776855469,896.8969631195068,0.5365501642227173,0.5451112389564514,0.5652806162834167,0.6228451132774353,2.759063720703125,2.74298095703125,Saccade,,,,0.0,False,10,,,
1016.0,1404.4987487792969,867.8074836730957,0.5324714183807373,0.5298579335212708,0.5486323237419128,0.6026440858840942,2.745941162109375,2.699569702148437,Saccade,,,,0.0,False,10,,,
1020.0,1417.6448059082031,848.1453037261963,0.5296409130096436,0.5304529666900635,0.5537675023078918,0.588989794254303,2.788604736328125,2.73822021484375,Saccade,,,,0.0,False,10,,,
1024.0,1428.1117248535156,816.7562484741211,0.5335836410522461,0.4941238760948181,0.5578561425209045,0.5671918392181396,2.769500732421875,2.719940185546875,Saccade,,,,0.0,False,10,,,
1028.0,1418.9176940917969,779.5271015167236,0.5311107039451599,0.4756250977516174,0.5542647242546082,0.5413382649421692,2.75726318359375,2.71954345703125,Saccade,,,,0.0,False,10,,,
1032.0,1425.6037902832031,795.74875831604,0.5367832183837891,0.4736868739128113,0.5568764805793762,0.5526033043861389,2.751434326171875,2.750579833984375,Saccade,,,,0.0,False,10,,,
1036.0,1409.3812561035156,770.0337982177734,0.5354310870170593,0.4716817140579223,0.5505395531654358,0.5347456932067871,2.7783660888671875,2.7376861572265625,Saccade,,,,0.0,False,10,,,
1040.0,1406.2213134765625,778.4151649475098,0.5348079204559326,0.4699874222278595,0.5493052005767822,0.540566086769104,2.7859649658203125,2.734466552734375,Saccade,,,,0.0,False,10,,,
1044.0,1417.1101379394531,778.9440536499023,0.5369852185249329,0.4728170335292816,0.5535586476325989,0.54093337059021,2.7813262939453125,2.7641754150390625,Saccade,,,,0.0,False,10,,,
1048.0,1414.5152282714844,767.5433349609375,0.5324442982673645,0.4708999097347259,0.5525450110435486,0.5330162048339844,2.7837371826171875,2.7537078857421875,Saccade,,,,0.0,False,10,,,
1052.0,1414.6928405761719,763.7703037261963,0.5323845148086548,0.4766269326210022,0.5526143908500671,0.530396044254303,2.794708251953125,2.750885009765625,Fixation,1412.037743788499,773.5493588447571,204.0,6.0,True,11,image,,10.0
1056.0,1418.4764099121094,758.8980388641357,0.5331062078475952,0.4692681729793548,0.5540923476219177,0.5270125269889832,2.79791259765625,2.758453369140625,Fixation,1412.037743788499,773.5493588447571,204.0,6.0,True,11,image,,10.0
1060.0,1408.2292175292969,764.0180969238281,0.5376513600349426,0.4664775729179382,0.5500895380973816,0.5305681228637695,2.8017120361328125,2.7446746826171875,Fixation,1412.037743788499,773.5493588447571,204.0,6.0,True,11,image,,10.0
1064.0,1412.9194641113281,756.5085124969482,0.5368230938911438,0.4705030620098114,0.5519216656684875,0.5253531336784363,2.792587280273437,2.737701416015625,Fixation,1412.037743788499,773.5493588447571,204.0,6.0,True,11,image,,10.0
1068.0,1406.61865234375,766.4344024658203,0.5352188944816589,0.4713601469993591,0.5494604110717773,0.5322461128234863,2.79876708984375,2.766220092773437,Fixation,1412.037743788499,773.5493588447571,204.0,6.0,True,11,image,,10.0
1072.0,1414.8086547851562,780.0903224945068,0.5350112915039062,0.4781097173690796,0.5526596307754517,0.5417293906211853,2.812484741210937,2.773651123046875,Fixation,1412.037743788499,773.5493588447571,204.0,6.0,True,11,image,,10.0
1076.0,1414.7653198242188,774.4509887695312,0.5349605679512024,0.4705533683300018,0.5526427030563354,0.5378131866455078,2.794525146484375,2.784393310546875,Fixation,1412.037743788499,773.5493588447571,204.0,6.0,True,11,image,,10.0
1080.0,1410.9429931640625,772.8756523132324,0.5362569093704224,0.4694356024265289,0.5511496067047119,0.5367192029953003,2.787445068359375,2.760833740234375,Fixation,1412.037743788499,773.5493588447571,204.0,6.0,True,11,image,,10.0
1084.0,1411.4921569824219,769.5981216430664,0.5332079529762268,0.4647403657436371,0.5513641238212585,0.5344431400299072,2.7908935546875,2.784408569335937,Fixation,1412.037743788499,773.5493588447571,204.0,6.0,True,11,image,,10.0
1088.0,1414.9147033691406,783.0206680297852,0.5333607196807861,0.4744516313076019,0.5527010560035706,0.5437643527984619,2.7968902587890625,2.786483764648437,Fixation,1412.037743788499,773.5493588447571,204.0,6.0,True,11,image,,10.0
1092.0,1406.368408203125,791.5801334381104,0.5386748313903809,0.4744385182857513,0.5493626594543457,0.5497084259986877,2.805999755859375,2.801513671875,Fixation,1412.037743788499,773.5493588447571,204.0,6.0,True,11,image,,10.0
1096.0,1409.0242004394531,760.6666660308838,0.5362824201583862,0.4831353425979614,0.5504000782966614,0.5282407402992249,2.8033447265625,2.755722045898437,Fixation,1412.037743788499,773.5493588447571,204.0,6.0,True,11,image,,10.0
1100.0,1416.7984008789062,768.6379337310791,0.5337849259376526,0.4749379158020019,0.5534368753433228,0.5337763428688049,2.7910308837890625,2.783050537109375,Fixation,1412.037743788499,773.5493588447571,204.0,6.0,True,11,image,,10.0
1104.0,1413.0145263671875,756.7929553985596,0.5353469848632812,0.4880342483520508,0.5519587993621826,0.5255506634712219,2.8240203857421875,2.734832763671875,Fixation,1412.037743788499,773.5493588447571,204.0,6.0,True,11,image,,10.0
1108.0,1409.49951171875,773.463249206543,0.5343787670135498,0.4838050603866577,0.5505857467651367,0.5371272563934326,2.812118530273437,2.7970733642578125,Fixation,1412.037743788499,773.5493588447571,204.0,6.0,True,11,image,,10.0
1112.0,1407.2367858886719,764.2482089996338,0.5333104729652405,0.4792554974555969,0.5497018694877625,0.5307279229164124,2.8036041259765625,2.761322021484375,Fixation,1412.037743788499,773.5493588447571,204.0,6.0,True,11,image,,10.0
1116.0,1415.7586669921875,781.0875034332275,0.5331317186355591,0.488031655550003,0.5530307292938232,0.5424218773841858,2.8374176025390625,2.7999267578125,Fixation,1412.037743788499,773.5493588447571,204.0,6.0,True,11,image,,10.0
1120.0,1414.6455383300781,778.3670139312744,0.5365572571754456,0.4782270193099975,0.5525959134101868,0.540532648563385,2.801010131835937,2.8060302734375,Fixation,1412.037743788499,773.5493588447571,204.0,6.0,True,11,image,,10.0
1124.0,1409.8197937011719,776.3284492492676,0.5384386777877808,0.48656165599823,0.5507108569145203,0.5391169786453247,2.8319091796875,2.7922515869140625,Fixation,1412.037743788499,773.5493588447571,204.0,6.0,True,11,image,,10.0
1128.0,1408.1808471679688,778.9552974700928,0.5317531824111938,0.4904848933219909,0.5500706434249878,0.5409411787986755,2.8326873779296875,2.7982635498046875,Fixation,1412.037743788499,773.5493588447571,204.0,6.0,True,11,image,,10.0
1132.0,1408.175048828125,789.8192310333252,0.5401240587234497,0.4777630269527435,0.5500683784484863,0.5484855771064758,2.8337860107421875,2.8031463623046875,Fixation,1412.037743788499,773.5493588447571,204.0,6.0,True,11,image,,10.0
1136.0,1418.1558227539062,762.5164031982422,0.5367389917373657,0.4767095148563385,0.5539671182632446,0.5295252799987793,2.8145294189453125,2.793426513671875,Fixation,1412.037743788499,773.5493588447571,204.0,6.0,True,11,image,,10.0
1140.0,1402.1574401855469,765.4478645324707,0.5327922701835632,0.4796902239322662,0.5477177500724792,0.531561017036438,2.817230224609375,2.798446655273437,Fixation,1412.037743788499,773.5493588447571,204.0,6.0,True,11,image,,10.0
1144.0,1409.6260070800781,773.6447811126709,0.5341029167175293,0.4880530834197998,0.5506351590156555,0.5372533202171326,2.830352783203125,2.807601928710937,Fixation,1412.037743788499,773.5493588447571,204.0,6.0,True,11,image,,10.0
1148.0,1420.5368041992188,791.1651420593262,0.5371447801589966,0.4855147004127502,0.5548971891403198,0.5494202375411987,2.822494506835937,2.82177734375,Fixation,1412.037743788499,773.5493588447571,204.0,6.0,True,11,image,,10.0
1152.0,1418.6810302734375,786.9373798370361,0.5360332727432251,0.4832625091075897,0.5541722774505615,0.5464842915534973,2.830718994140625,2.827301025390625,Fixation,1412.037743788499,773.5493588447571,204.0,6.0,True,11,image,,10.0
1156.0,1426.6494750976562,796.6867160797119,0.5361405611038208,0.4884600043296814,0.557284951210022,0.5532546639442444,2.8387603759765625,2.8179473876953125,Fixation,1412.037743788499,773.5493588447571,204.0,6.0,True,11,image,,10.0
1160.0,1411.4450073242188,781.3802719116211,0.535316526889801,0.4850849211215973,0.551345705986023,0.5426251888275146,2.8476715087890625,2.8307647705078125,Fixation,1412.037743788499,773.5493588447571,204.0,6.0,True,11,image,,10.0
1164.0,1417.2557067871094,767.3248958587646,0.5344122648239136,0.4840223491191864,0.5536155104637146,0.532864511013031,2.843658447265625,2.80242919921875,Fixation,1412.037743788499,773.5493588447571,204.0,6.0,True,11,image,,10.0
1168.0,1414.2849731445312,777.0919132232666,0.5384681224822998,0.4869168102741241,0.5524550676345825,0.5396471619606018,2.83831787109375,2.815643310546875,Fixation,1412.037743788499,773.5493588447571,204.0,6.0,True,11,image,,10.0
1172.0,1421.1949157714844,773.1459331512451,0.5371867418289185,0.4907737672328949,0.5551542639732361,0.536906898021698,2.855621337890625,2.796875,Fixation,1412.037743788499,773.5493588447571,204.0,6.0,True,11,image,,10.0
1176.0,1416.6091918945312,786.2152004241943,0.5349477529525757,0.4865419566631317,0.5533629655838013,0.5459827780723572,2.8465118408203125,2.81695556640625,Fixation,1412.037743788499,773.5493588447571,204.0,6.0,True,11,image,,10.0
1180.0,1411.6969299316406,783.0464172363281,0.5373390316963196,0.4846277236938476,0.5514441132545471,0.5437822341918945,2.8551483154296875,2.8150177001953125,Fixation,1412.037743788499,773.5493588447571,204.0,6.0,True,11,image,,10.0
1184.0,1415.5589294433594,767.7258110046387,0.5371817350387573,0.4892657399177551,0.5529527068138123,0.5331429243087769,2.849090576171875,2.8166656494140625,Fixation,1412.037743788499,773.5493588447571,204.0,6.0,True,11,image,,10.0
1188.0,1420.9359741210938,779.9325656890869,0.5376434326171875,0.4925658404827118,0.5550531148910522,0.5416198372840881,2.8561553955078125,2.8230743408203125,Fixation,1412.037743788499,773.5493588447571,204.0,6.0,True,11,image,,10.0
1192.0,1410.6568908691406,770.8080768585205,0.5390802025794983,0.4797291159629822,0.5510378479957581,0.5352833867073059,2.837387084960937,2.815826416015625,Fixation,1412.037743788499,773.5493588447571,204.0,6.0,True,11,image,,10.0
1196.0,1411.1231994628906,789.6376132965088,0.5396491885185242,0.4851571321487427,0.5512199997901917,0.5483594536781311,2.844833374023437,2.822174072265625,Fixation,1412.037743788499,773.5493588447571,204.0,6.0,True,11,image,,10.0
1200.0,1404.6446228027344,773.5908794403076,0.5355753302574158,0.4991736114025116,0.5486893057823181,0.5372158885002136,2.8751983642578125,2.826904296875,Fixation,1412.037743788499,773.5493588447571,204.0,6.0,True,11,image,,10.0
1204.0,1423.2058715820312,768.83620262146,0.5357453227043152,0.4888149797916412,0.555939793586731,0.5339140295982361,2.8504638671875,2.832672119140625,Fixation,1412.037743788499,773.5493588447571,204.0,6.0,True,11,image,,10.0
1208.0,1408.880615234375,781.6920948028564,0.5369676947593689,0.4929699599742889,0.5503439903259277,0.5428417325019836,2.861190795898437,2.8260040283203125,Fixation,1412.037743788499,773.5493588447571,204.0,6.0,True,11,image,,10.0
1212.0,1410.6149291992188,785.7828712463379,0.5377749800682068,0.4847932159900665,0.5510214567184448,0.5456825494766235,2.8653564453125,2.8365020751953125,Fixation,1412.037743788499,773.5493588447571,204.0,6.0,True,11,image,,10.0
1216.0,1416.5533447265625,781.2380504608154,0.5346964597702026,0.4869551360607147,0.5533411502838135,0.5425264239311218,2.8543853759765625,2.8288116455078125,Fixation,1412.037743788499,773.5493588447571,204.0,6.0,True,11,image,,10.0
1220.0,1405.584716796875,765.2694225311279,0.5373206734657288,0.4827147424221039,0.5490565299987793,0.53143709897995,2.85504150390625,2.8204803466796875,Fixation,1412.037743788499,773.5493588447571,204.0,6.0,True,11,image,,10.0
1224.0,1424.7468566894531,773.8557529449463,0.5375754833221436,0.4846697747707367,0.5565417408943176,0.5373998284339905,2.8640289306640625,2.799530029296875,Fixation,1412.037743788499,773.5493588447571,204.0,6.0,True,11,image,,10.0
1228.0,1412.613525390625,759.4747352600098,0.5377403497695923,0.4807555079460144,0.5518021583557129,0.527413010597229,2.8636474609375,2.805038452148437,Fixation,1412.037743788499,773.5493588447571,204.0,6.0,True,11,image,,10.0
1232.0,1411.8833923339844,785.6639957427979,0.5371105670928955,0.4824384748935699,0.5515169501304626,0.5455999970436096,2.8570556640625,2.83538818359375,Fixation,1412.037743788499,773.5493588447571,204.0,6.0,True,11,image,,10.0
1236.0,1410.5677795410156,780.3230953216553,0.536738395690918,0.4859295487403869,0.5510030388832092,0.5418910384178162,2.8609771728515625,2.8370819091796875,Fixation,1412.037743788499,773.5493588447571,204.0,6.0,True,11,image,,10.0
1240.0,1420.8847045898438,771.4369583129883,0.5350605249404907,0.4970297813415527,0.5550330877304077,0.5357201099395752,2.88330078125,2.8264312744140625,Fixation,1412.037743788499,773.5493588447571,204.0,6.0,True,11,image,,10.0
1244.0,1401.8489074707031,769.313850402832,0.534612238407135,0.4918550252914428,0.5475972294807434,0.5342457294464111,2.864364624023437,2.814178466796875,Fixation,1412.037743788499,773.5493588447571,204.0,6.0,True,11,image,,10.0
1248.0,1402.1490478515625,775.5758857727051,0.5330331921577454,0.4936397671699524,0.5477144718170166,0.5385943651199341,2.895843505859375,2.8574981689453125,Fixation,1412.037743788499,773.5493588447571,204.0,6.0,True,11,image,,10.0
1252.0,1394.0867614746094,754.8211669921875,0.5266734957695007,0.4638781547546386,0.5445651412010193,0.5241813659667969,2.874481201171875,2.8565216064453125,Fixation,1412.037743788499,773.5493588447571,204.0,6.0,True,11,image,,10.0
1256.0,1384.7471618652344,735.3729629516602,0.5167363882064819,0.4419198632240295,0.5409168601036072,0.5106756687164307,2.8647613525390625,2.8425445556640625,Fixation,1412.037743788499,773.5493588447571,204.0,6.0,True,11,image,,10.0
1260.0,1376.3294982910156,708.7861776351929,0.517342209815979,0.4271894097328186,0.537628710269928,0.4922126233577728,2.8774566650390625,2.830795288085937,Saccade,,,,0.0,False,12,,,
1264.0,1362.2642517089844,690.2767038345336,0.5156082510948181,0.4221509397029876,0.532134473323822,0.479358822107315,2.855087280273437,2.829315185546875,Saccade,,,,0.0,False,12,,,
1268.0,1332.7507019042969,684.2416906356812,0.5061219334602356,0.4265208542346954,0.520605742931366,0.475167840719223,2.889022827148437,2.8242340087890625,Saccade,,,,0.0,False,12,,,
1272.0,1338.2865905761719,670.0911712646483,0.5060368180274963,0.412753701210022,0.5227681994438171,0.4653410911560058,2.8660125732421875,2.847442626953125,Saccade,,,,0.0,False,12,,,
1276.0,1344.6315002441406,646.2211418151855,0.5068640112876892,0.3904995322227478,0.5252466797828674,0.4487646818161011,2.850936889648437,2.8549957275390625,Saccade,,,,0.0,False,12,,,
1280.0,1345.3569030761719,645.6607961654662,0.5076409578323364,0.3984781503677368,0.5255300402641296,0.4483755528926849,2.873886108398437,2.84722900390625,Saccade,,,,0.0,False,12,,,
1284.0,1329.8251342773438,609.838671684265,0.5035642385482788,0.3876423835754394,0.5194629430770874,0.4234990775585174,2.8697967529296875,2.8070526123046875,Fixation,1342.3190356315451,626.1370529012477,372.0,7.0,True,13,image,,10.0
1288.0,1330.6596374511719,631.5979957580566,0.5073582530021667,0.3864832818508148,0.519788920879364,0.4386097192764282,2.872421264648437,2.849456787109375,Fixation,1342.3190356315451,626.1370529012477,372.0,7.0,True,13,image,,10.0
1292.0,1331.1424255371094,604.7149229049681,0.5010334253311157,0.3848553895950317,0.5199775099754333,0.4199409186840057,2.8820037841796875,2.81134033203125,Fixation,1342.3190356315451,626.1370529012477,372.0,7.0,True,13,image,,10.0
1296.0,1333.9085388183594,633.325252532959,0.505683422088623,0.3822035193443298,0.5210580229759216,0.4398092031478882,2.85986328125,2.8299102783203125,Fixation,1342.3190356315451,626.1370529012477,372.0,7.0,True,13,image,,10.0
1300.0,1340.0349426269531,623.9515972137451,0.5058621764183044,0.37696373462677,0.5234511494636536,0.433299720287323,2.8609619140625,2.8314361572265625,Fixation,1342.3190356315451,626.1370529012477,372.0,7.0,True,13,image,,10.0
1304.0,1326.4201354980469,614.4670915603638,0.5054794549942017,0.3843951821327209,0.5181328654289246,0.4267132580280304,2.870758056640625,2.803680419921875,Fixation,1342.3190356315451,626.1370529012477,372.0,7.0,True,13,image,,10.0
1308.0,1328.7751770019531,631.4101123809814,0.5047070384025574,0.3775051832199096,0.5190528035163879,0.4384792447090149,2.8388824462890625,2.822479248046875,Fixation,1342.3190356315451,626.1370529012477,372.0,7.0,True,13,image,,10.0
1312.0,1332.6339721679688,617.4143886566161,0.5035016536712646,0.3854337632656097,0.5205601453781128,0.4287599921226501,2.8671417236328125,2.8427276611328125,Fixation,1342.3190356315451,626.1370529012477,372.0,7.0,True,13,image,,10.0
1316.0,1340.9187316894531,618.4192943572998,0.5045233964920044,0.3803825080394745,0.5237963795661926,0.4294578433036804,2.8612213134765625,2.8415069580078125,Fixation,1342.3190356315451,626.1370529012477,372.0,7.0,True,13,image,,10.0
1320.0,1339.8606872558594,602.3988676071167,0.5033465623855591,0.3806309998035431,0.5233830809593201,0.4183325469493866,2.8595428466796875,2.7978668212890625,Fixation,1342.3190356315451,626.1370529012477,372.0,7.0,True,13,image,,10.0
1324.0,1337.6759338378906,607.2131967544555,0.5032955408096313,0.3785111606121063,0.522529661655426,0.421675831079483,2.85546875,2.7900848388671875,Fixation,1342.3190356315451,626.1370529012477,372.0,7.0,True,13,image,,10.0
1328.0,1341.3175964355469,617.6468181610107,0.5021264553070068,0.3814129531383514,0.5239521861076355,0.4289214015007019,2.8675537109375,2.814788818359375,Fixation,1342.3190356315451,626.1370529012477,372.0,7.0,True,13,image,,10.0
1332.0,1339.3199157714844,643.1991291046141,0.5012001395225525,0.3757351636886596,0.5231718420982361,0.4466660618782043,2.851409912109375,2.848876953125,Fixation,1342.3190356315451,626.1370529012477,372.0,7.0,True,13,image,,10.0
1336.0,1341.917724609375,607.2390747070312,0.5043427348136902,0.3835124671459198,0.5241866111755371,0.4216938018798828,2.854339599609375,2.813827514648437,Fixation,1342.3190356315451,626.1370529012477,372.0,7.0,True,13,image,,10.0
1340.0,1336.3865661621094,622.3207712173462,0.5043955445289612,0.3761191070079803,0.522026002407074,0.4321672022342682,2.85748291015625,2.8282470703125,Fixation,1342.3190356315451,626.1370529012477,372.0,7.0,True,13,image,,10.0
1344.0,1340.5010986328125,624.5123720169067,0.5018145442008972,0.3739932477474212,0.5236332416534424,0.433689147233963,2.848129272460937,2.827178955078125,Fixation,1342.3190356315451,626.1370529012477,372.0,7.0,True,13,image,,10.0
1348.0,1340.3669738769531,634.1199588775635,0.5042113065719604,0.3803330361843109,0.5235808491706848,0.4403610825538635,2.8542938232421875,2.81500244140625,Fixation,1342.3190356315451,626.1370529012477,372.0,7.0,True,13,image,,10.0
1352.0,1328.0776977539062,632.2341728210449,0.5064015984535217,0.3745289444923401,0.5187803506851196,0.4390515089035034,2.862213134765625,2.824005126953125,Fixation,1342.3190356315451,626.1370529012477,372.0,7.0,True,13,image,,10.0
1356.0,1333.1974792480469,625.5690336227416,0.5020111203193665,0.3868409395217895,0.5207802653312683,0.4344229400157928,2.862701416015625,2.8476715087890625,Fixation,1342.3190356315451,626.1370529012477,372.0,7.0,True,13,image,,10.0
1360.0,1328.45703125,619.0276193618774,0.5059850811958313,0.394660472869873,0.5189285278320312,0.429880291223526,2.877182006835937,2.8289947509765625,Fixation,1342.3190356315451,626.1370529012477,372.0,7.0,True,13,image,,10.0
1364.0,1345.4745483398438,628.1923627853394,0.5067338347434998,0.3848665356636047,0.5255759954452515,0.4362446963787079,2.861297607421875,2.82421875,Fixation,1342.3190356315451,626.1370529012477,372.0,7.0,True,13,image,,10.0
1368.0,1343.4059143066406,614.3723344802855,0.5058441758155823,0.3807420134544372,0.5247679352760315,0.4266474545001983,2.85211181640625,2.8008270263671875,Fixation,1342.3190356315451,626.1370529012477,372.0,7.0,True,13,image,,10.0
1372.0,1351.1865234375,628.8372087478638,0.5037506818771362,0.3787268102169037,0.5278072357177734,0.4366925060749054,2.834701538085937,2.81573486328125,Fixation,1342.3190356315451,626.1370529012477,372.0,7.0,True,13,image,,10.0
1376.0,1350.8219909667969,640.5490207672119,0.5040218830108643,0.3896987438201904,0.527664840221405,0.4448257088661194,2.857894897460937,2.8310699462890625,Fixation,1342.3190356315451,626.1370529012477,372.0,7.0,True,13,image,,10.0
1380.0,1337.1383666992188,642.5596904754639,0.5052452683448792,0.3899564445018768,0.5223196744918823,0.4462220072746277,2.854339599609375,2.829833984375,Fixation,1342.3190356315451,626.1370529012477,372.0,7.0,True,13,image,,10.0
1384.0,1337.1549987792969,628.8877201080322,0.5005843043327332,0.3821826875209808,0.5223261713981628,0.4367275834083557,2.83319091796875,2.820098876953125,Fixation,1342.3190356315451,626.1370529012477,372.0,7.0,True,13,image,,10.0
1388.0,1346.3316345214844,646.5303468704224,0.5070194005966187,0.3856973350048065,0.5259107947349548,0.4489794075489044,2.8510284423828125,2.850830078125,Fixation,1342.3190356315451,626.1370529012477,372.0,7.0,True,13,image,,10.0
1392.0,1340.3443908691406,627.8129911422728,0.505293071269989,0.3885875344276428,0.5235720276832581,0.4359812438488006,2.869964599609375,2.83795166015625,Fixation,1342.3190356315451,626.1370529012477,372.0,7.0,True,13,image,,10.0
1396.0,1334.9461364746094,624.1212844848632,0.5055821537971497,0.3893396556377411,0.5214633345603943,0.4334175586700439,2.8553619384765625,2.82330322265625,Fixation,1342.3190356315451,626.1370529012477,372.0,7.0,True,13,image,,10.0
1400.0,1338.4149169921875,617.7339792251587,0.505582869052887,0.3839308321475982,0.5228183269500732,0.4289819300174713,2.839996337890625,2.81829833984375,Fixation,1342.3190356315451,626.1370529012477,372.0,7.0,True,13,image,,10.0
1404.0,1340.36865234375,649.6474170684814,0.5037193298339844,0.3859280943870544,0.5235815048217773,0.4511440396308899,2.843048095703125,2.832382202148437,Fixation,1342.3190356315451,626.1370529012477,372.0,7.0,True,13,image,,10.0
1408.0,1344.0950012207031,635.5334186553954,0.504272997379303,0.3903200924396515,0.5250371098518372,0.4413426518440246,2.855575561523437,2.833236694335937,Fixation,1342.3190356315451,626.1370529012477,372.0,7.0,True,13,image,,10.0
1412.0,1344.7833251953125,604.0635967254639,0.505736231803894,0.3835134506225586,0.525305986404419,0.4194886088371277,2.8478546142578125,2.803207397460937,Fixation,1342.3190356315451,626.1370529012477,372.0,7.0,True,13,image,,10.0
1416.0,1335.0434875488281,622.2776842117308,0.5077672600746155,0.3831924200057983,0.521501362323761,0.4321372807025909,2.8396759033203125,2.815277099609375,Fixation,1342.3190356315451,626.1370529012477,372.0,7.0,True,13,image,,10.0
1420.0,1340.6840515136719,631.2927818298339,0.5087828040122986,0.3884492814540863,0.5237047076225281,0.4383977651596069,2.8463287353515625,2.82720947265625,Fixation,1342.3190356315451,626.1370529012477,372.0,7.0,True,13,image,,10.0
1424.0,1342.586669921875,627.5379467010498,0.505593478679657,0.3910035490989685,0.5244479179382324,0.4357902407646179,2.857513427734375,2.813568115234375,Fixation,1342.3190356315451,626.1370529012477,372.0,7.0,True,13,image,,10.0
1428.0,1344.7988891601562,644.9478864669799,0.5048906803131104,0.3860413134098053,0.525312066078186,0.4478804767131805,2.8372955322265625,2.845428466796875,Fixation,1342.3190356315451,626.1370529012477,372.0,7.0,True,13,image,,10.0
1432.0,1341.4230346679688,626.1646986007689,0.5079348087310791,0.3891961872577667,0.5239933729171753,0.434836596250534,2.850067138671875,2.805389404296875,Fixation,1342.3190356315451,626.1370529012477,372.0,7.0,True,13,image,,10.0
1436.0,1342.6243591308594,622.0899295806885,0.5075476765632629,0.3776595294475555,0.5244626402854919,0.4320068955421448,2.8326416015625,2.8188629150390625,Fixation,1342.3190356315451,626.1370529012477,372.0,7.0,True,13,image,,10.0
1440.0,1340.0541687011719,644.2456197738647,0.5061829090118408,0.3943937122821808,0.5234586596488953,0.4473927915096283,2.860595703125,2.843124389648437,Fixation,1342.3190356315451,626.1370529012477,372.0,7.0,True,13,image,,10.0
1444.0,1328.5983276367188,630.7734203338622,0.5078221559524536,0.3823424577713012,0.5189837217330933,0.438037097454071,2.845565795898437,2.82220458984375,Fixation,1342.3190356315451,626.1370529012477,372.0,7.0,True,13,image,,10.0
1448.0,1351.829833984375,635.1406145095825,0.5089209079742432,0.3867412507534027,0.5280585289001465,0.4410698711872101,2.83819580078125,2.81439208984375,Fixation,1342.3190356315451,626.1370529012477,372.0,7.0,True,13,image,,10.0
1452.0,1347.1119689941406,628.6756753921509,0.5081935524940491,0.3752229809761047,0.5262156128883362,0.4365803301334381,2.826446533203125,2.81048583984375,Fixation,1342.3190356315451,626.1370529012477,372.0,7.0,True,13,image,,10.0
1456.0,1352.2244262695312,624.5406532287598,0.5081925392150879,0.3828269839286804,0.5282126665115356,0.4337087869644165,2.8365936279296875,2.8123016357421875,Fixation,1342.3190356315451,626.1370529012477,372.0,7.0,True,13,image,,10.0
1460.0,1348.8046264648438,636.7665910720825,0.5033498406410217,0.3814612925052643,0.5268768072128296,0.4421990215778351,2.827239990234375,2.83941650390625,Fixation,1342.3190356315451,626.1370529012477,372.0,7.0,True,13,image,,10.0
1464.0,1335.355224609375,613.2940864562988,0.5082765221595764,0.378629058599472,0.5216231346130371,0.4258986711502075,2.8294677734375,2.7753143310546875,Fixation,1342.3190356315451,626.1370529012477,372.0,7.0,True,13,image,,10.0
1468.0,1343.8070678710938,638.0685567855835,0.502899706363678,0.3819140493869781,0.524924635887146,0.443103164434433,2.84893798828125,2.84442138671875,Fixation,1342.3190356315451,626.1370529012477,372.0,7.0,True,13,image,,10.0
1472.0,1336.4871215820312,624.7250604629515,0.5091791152954102,0.3800421059131622,0.522065281867981,0.4338368475437164,2.849472045898437,2.79278564453125,Fixation,1342.3190356315451,626.1370529012477,372.0,7.0,True,13,image,,10.0
1476.0,1344.7288513183594,617.2619104385375,0.5046192407608032,0.3797794282436371,0.5252847075462341,0.4286541044712066,2.836578369140625,2.812530517578125,Fixation,1342.3190356315451,626.1370529012477,372.0,7.0,True,13,image,,10.0
1480.0,1348.3795166015625,612.7324533462523,0.5085231065750122,0.3700094223022461,0.5267107486724854,0.4255086481571197,2.822845458984375,2.8053436279296875,Fixation,1342.3190356315451,626.1370529012477,372.0,7.0,True,13,image,,10.0
1484.0,1337.2705078125,632.0755577087402,0.5060955882072449,0.3793096244335174,0.5223712921142578,0.4389413595199585,2.82708740234375,2.82452392578125,Fixation,1342.3190356315451,626.1370529012477,372.0,7.0,True,13,image,,10.0
1488.0,1351.3372802734375,610.4730033874512,0.5058457851409912,0.3817139565944671,0.5278661251068115,0.42393958568573,2.8372039794921875,2.805892944335937,Fixation,1342.3190356315451,626.1370529012477,372.0,7.0,True,13,image,,10.0
1492.0,1338.8668823242188,622.0378303527832,0.5068418979644775,0.3812199234962463,0.522994875907898,0.4319707155227661,2.839828491210937,2.795196533203125,Fixation,1342.3190356315451,626.1370529012477,372.0,7.0,True,13,image,,10.0
1496.0,1345.4876708984375,625.6283426284789,0.5050968527793884,0.3862039744853973,0.5255811214447021,0.4344641268253326,2.8483428955078125,2.806732177734375,Fixation,1342.3190356315451,626.1370529012477,372.0,7.0,True,13,image,,10.0
1500.0,1349.7415161132812,615.5655956268309,0.5038323998451233,0.3812125623226166,0.5272427797317505,0.4274761080741882,2.838653564453125,2.7962799072265625,Fixation,1342.3190356315451,626.1370529012477,372.0,7.0,True,13,image,,10.0
1504.0,1345.5128479003906,630.2321290969847,0.5036183595657349,0.381926566362381,0.5255909562110901,0.437661200761795,2.8498077392578125,2.816802978515625,Fixation,1342.3190356315451,626.1370529012477,372.0,7.0,True,13,image,,10.0
1508.0,1333.3183288574219,642.8793239593505,0.5006580352783203,0.3773349225521087,0.5208274722099304,0.4464439749717712,2.825225830078125,2.8249664306640625,Fixation,1342.3190356315451,626.1370529012477,372.0,7.0,True,13,image,,10.0
1512.0,1352.8013610839844,625.7049894332885,0.5035489797592163,0.3758673667907715,0.5284380316734314,0.434517353773117,2.8436737060546875,2.8165740966796875,Fixation,1342.3190356315451,626.1370529012477,372.0,7.0,True,13,image,,10.0
1516.0,1341.1474609375,617.6276779174805,0.5076208710670471,0.3714095056056976,0.5238857269287109,0.428908109664917,2.8180084228515625,2.822738647460937,Fixation,1342.3190356315451,626.1370529012477,372.0,7.0,True,13,image,,10.0
1520.0,1346.7643737792969,620.0681447982787,0.5081377625465393,0.3811211287975311,0.5260798335075378,0.430602878332138,2.8419952392578125,2.802841186523437,Fixation,1342.3190356315451,626.1370529012477,372.0,7.0,True,13,image,,10.0
1524.0,1337.9310607910156,623.0638074874877,0.5056465864181519,0.3748544752597809,0.5226293206214905,0.4326831996440887,2.8248443603515625,2.813217163085937,Fixation,1342.3190356315451,626.1370529012477,372.0,7.0,True,13,image,,10.0
1528.0,1341.9569396972656,631.2916231155394,0.5088932514190674,0.3784539401531219,0.5242019295692444,0.4383969604969024,2.828765869140625,2.819854736328125,Fixation,1342.3190356315451,626.1370529012477,372.0,7.0,True,13,image,,10.0
1532.0,1347.9434204101562,624.7096967697142,0.5055482387542725,0.3850086629390716,0.5265403985977173,0.4338261783123016,2.85736083984375,2.7948455810546875,Fixation,1342.3190356315451,626.1370529012477,372.0,7.0,True,13,image,,10.0
1536.0,1346.0073852539062,650.1681518554688,0.506027340888977,0.3856286704540252,0.5257841348648071,0.4515056610107422,2.848236083984375,2.832763671875,Fixation,1342.3190356315451,626.1370529012477,372.0,7.0,True,13,image,,10.0
1540.0,1343.2382202148438,632.1411323547363,0.5092599987983704,0.3829758465290069,0.5247024297714233,0.4389868974685669,2.8306427001953125,2.819793701171875,Fixation,1342.3190356315451,626.1370529012477,372.0,7.0,True,13,image,,10.0
1544.0,1345.7591247558594,628.7987136840819,0.5041043162345886,0.3804669678211212,0.5256871581077576,0.4366657733917236,2.833526611328125,2.816741943359375,Fixation,1342.3190356315451,626.1370529012477,372.0,7.0,True,13,image,,10.0
1548.0,1344.5747375488281,628.2246351242064,0.5088023543357849,0.3780531287193298,0.525224506855011,0.4362671077251434,2.8138427734375,2.8100738525390625,Fixation,1342.3190356315451,626.1370529012477,372.0,7.0,True,13,image,,10.0
1552.0,1337.7297973632812,625.7688045501708,0.5048787593841553,0.3748418986797333,0.5225507020950317,0.4345616698265075,2.824325561523437,2.806121826171875,Fixation,1342.3190356315451,626.1370529012477,372.0,7.0,True,13,image,,10.0
1556.0,1348.851318359375,628.6164093017578,0.503623902797699,0.3875501751899719,0.5268950462341309,0.4365391731262207,2.835479736328125,2.8019256591796875,Fixation,1342.3190356315451,626.1370529012477,372.0,7.0,True,13,image,,10.0
1560.0,1352.2798156738281,646.2083101272582,0.5067352652549744,0.376419723033905,0.5282343029975891,0.4487557709217071,2.8141021728515625,2.839080810546875,Fixation,1342.3190356315451,626.1370529012477,372.0,7.0,True,13,image,,10.0
1564.0,1350.390625,630.9101057052611,0.5084922313690186,0.3665734231472015,0.527496337890625,0.4381320178508758,2.8226776123046875,2.815536499023437,Fixation,1342.3190356315451,626.1370529012477,372.0,7.0,True,13,image,,10.0
1568.0,1343.6724853515625,615.9247112274169,0.507359504699707,0.3760396242141723,0.5248720645904541,0.4277254939079284,2.828643798828125,2.8069305419921875,Fixation,1342.3190356315451,626.1370529012477,372.0,7.0,True,13,image,,10.0
1572.0,1346.3037109375,633.8728094100952,0.5071683526039124,0.3815196752548218,0.5258998870849609,0.4401894509792328,2.83203125,2.816390991210937,Fixation,1342.3190356315451,626.1370529012477,372.0,7.0,True,13,image,,10.0
1576.0,1343.7957763671875,629.8955869674681,0.5002059936523438,0.3698784708976745,0.5249202251434326,0.4374274909496307,2.8125762939453125,2.8148956298828125,Fixation,1342.3190356315451,626.1370529012477,372.0,7.0,True,13,image,,10.0
1580.0,1348.7458801269531,620.1242780685424,0.507628321647644,0.37981978058815,0.5268538594245911,0.4306418597698211,2.8386688232421875,2.815414428710937,Fixation,1342.3190356315451,626.1370529012477,372.0,7.0,True,13,image,,10.0
1584.0,1356.2474060058594,616.0149192810059,0.5071536302566528,0.3700381219387054,0.5297841429710388,0.4277881383895874,2.81146240234375,2.790771484375,Fixation,1342.3190356315451,626.1370529012477,372.0,7.0,True,13,image,,10.0
1588.0,1334.0524291992188,628.3862543106079,0.5054072737693787,0.3679341971874237,0.5211142301559448,0.4363793432712555,2.802642822265625,2.803802490234375,Fixation,1342.3190356315451,626.1370529012477,372.0,7.0,True,13,image,,10.0
1592.0,1341.2251281738281,606.5645742416382,0.5036578178405762,0.3795491755008697,0.5239160656929016,0.4212253987789154,2.830291748046875,2.7783966064453125,Fixation,1342.3190356315451,626.1370529012477,372.0,7.0,True,13,image,,10.0
1596.0,1345.7937622070312,625.5119562149048,0.5043375492095947,0.3837645649909973,0.5257006883621216,0.4343833029270172,2.829833984375,2.817611694335937,Fixation,1342.3190356315451,626.1370529012477,372.0,7.0,True,13,image,,10.0
1600.0,1353.68408203125,621.6394472122191,0.5023695826530457,0.3871656060218811,0.528782844543457,0.4316940605640411,2.8352813720703125,2.790802001953125,Fixation,1342.3190356315451,626.1370529012477,372.0,7.0,True,13,image,,10.0
1604.0,1339.1712951660156,619.2077779769896,0.507134735584259,0.3792968094348907,0.5231137871742249,0.4300054013729095,2.8377227783203125,2.795654296875,Fixation,1342.3190356315451,626.1370529012477,372.0,7.0,True,13,image,,10.0
1608.0,1340.8824157714844,630.1164293289185,0.5069076418876648,0.3800986111164093,0.5237821936607361,0.4375808537006378,2.817733764648437,2.813079833984375,Fixation,1342.3190356315451,626.1370529012477,372.0,7.0,True,13,image,,10.0
1612.0,1341.3571166992188,635.9134769439697,0.5090115666389465,0.3803120255470276,0.5239676237106323,0.4416065812110901,2.843780517578125,2.825225830078125,Fixation,1342.3190356315451,626.1370529012477,372.0,7.0,True,13,image,,10.0
1616.0,1339.5001220703125,627.418041229248,0.5058884620666504,0.3723001778125763,0.5232422351837158,0.4357069730758667,2.8204803466796875,2.8252410888671875,Fixation,1342.3190356315451,626.1370529012477,372.0,7.0,True,13,image,,10.0
1620.0,1336.77734375,632.5804996490479,0.5073601007461548,0.3791443705558777,0.5221786499023438,0.4392920136451721,2.8330535888671875,2.8282623291015625,Fixation,1342.3190356315451,626.1370529012477,372.0,7.0,True,13,image,,10.0
1624.0,1339.5263671875,637.301788330078,0.5059575438499451,0.3742329478263855,0.5232524871826172,0.442570686340332,2.827133178710937,2.820419311523437,Fixation,1342.3190356315451,626.1370529012477,372.0,7.0,True,13,image,,10.0
1628.0,1334.2280578613281,627.6774644851685,0.5090310573577881,0.3779392540454864,0.5211828351020813,0.4358871281147003,2.819564819335937,2.8163299560546875,Fixation,1342.3190356315451,626.1370529012477,372.0,7.0,True,13,image,,10.0
1632.0,1350.1844787597656,631.1482429504395,0.5059700012207031,0.3859578371047973,0.5274158120155334,0.4382973909378052,2.8454742431640625,2.807769775390625,Fixation,1342.3190356315451,626.1370529012477,372.0,7.0,True,13,image,,10.0
1636.0,1353.26416015625,628.7494897842406,0.5074531435966492,0.3868047595024109,0.5286188125610352,0.4366315901279449,2.83563232421875,2.8134307861328125,Fixation,1342.3190356315451,626.1370529012477,372.0,7.0,True,13,image,,10.0
1640.0,1358.2974243164062,631.8215417861938,0.511050820350647,0.3816989660263061,0.5305849313735962,0.4387649595737457,2.83526611328125,2.8314361572265625,Fixation,1342.3190356315451,626.1370529012477,372.0,7.0,True,13,image,,10.0
1644.0,1350.3448486328125,623.2558965682982,0.5063918232917786,0.386382520198822,0.5274784564971924,0.432816594839096,2.848236083984375,2.816070556640625,Fixation,1342.3190356315451,626.1370529012477,372.0,7.0,True,13,image,,10.0
1648.0,1350.71044921875,615.8507680892943,0.5089733004570007,0.3843656480312347,0.5276212692260742,0.4276741445064544,2.828125,2.813934326171875,Fixation,1342.3190356315451,626.1370529012477,372.0,7.0,True,13,image,,10.0
1652.0,1354.2893981933594,621.9276237487793,0.506249189376831,0.3750304579734802,0.529019296169281,0.4318941831588745,2.82861328125,2.8106231689453125,Fixation,1342.3190356315451,626.1370529012477,372.0,7.0,True,13,image,,10.0
1656.0,1356.6191101074219,613.7881278991698,0.5039187669754028,0.3766330480575561,0.5299293398857117,0.4262417554855346,2.839462280273437,2.80596923828125,Fixation,1342.3190356315451,626.1370529012477,372.0,7.0,True,13,image,,10.0
