AU1,AU2,AU4,AU5,AU6,AU7,AU9,AU10,AU11,AU12,AU13,AU14,AU15,AU16,AU17,AU18,AU19,AU20,AU22,AU23,AU24,AU25,AU26,AU27,AU32,AU38,AU39,AUL1,AUR1,AUL2,AUR2,AUL4,AUR4,AUL6,AUR6,AUL10,AUR10,AUL12,AUR12,AUL14,AUR14
0.5139087438583374,0.3116088807582855,0.3938286900520324,0.3537892401218414,0.5727514624595642,0.6459299325942993,0.2619554996490478,0.5525313019752502,0.0283567197620868,0.3566529154777527,0.0213814750313758,0.3895881175994873,0.6319488286972046,0.0430290028452873,0.7564280033111572,0.0236959941685199,0.0241888985037803,0.1127288118004798,0.0232578627765178,0.2101357132196426,0.1615945100784301,0.223424345254898,0.2767306864261627,0.0380590967833995,0.0075801275670528,0.0614603012800216,0.0153350187465548,0.0844356268644332,0.1047749742865562,0.1672377437353134,0.2203845977783203,0.0415961854159832,0.0303050242364406,0.0588909313082695,0.0531103983521461,0.1483293771743774,0.0932610630989074,0.0723247975111007,0.0470243394374847,0.1249409765005111,0.0205749198794364
0.5133643746376038,0.3131468892097473,0.3928202092647552,0.3566934168338775,0.5741721391677856,0.6478699445724487,0.2589326500892639,0.5520956516265869,0.0286938808858394,0.3586360216140747,0.0217067040503025,0.3913491368293762,0.6367262005805969,0.042956206947565,0.761593759059906,0.0235702358186244,0.02431464754045,0.1135505586862564,0.0234941821545362,0.2125876247882843,0.1644122004508972,0.2248009145259857,0.2782326638698578,0.0384184159338474,0.0076720328070223,0.0620590187609195,0.015621667727828,0.0841811150312423,0.1012091785669326,0.1664810478687286,0.2188442051410675,0.0414996966719627,0.0302704740315675,0.0608532987534999,0.05312330275774,0.1483747363090515,0.0926459655165672,0.0723755657672882,0.0469554662704467,0.1231988072395324,0.0203496366739273
0.5141363143920898,0.3133827447891235,0.3927165269851684,0.3555452823638916,0.574880838394165,0.6486098766326904,0.2596302032470703,0.5526778697967529,0.0287856757640838,0.3595463633537292,0.0216987431049346,0.391232281923294,0.6363840699195862,0.0429810360074043,0.7608293294906616,0.0236246809363365,0.024290170520544,0.1135061010718345,0.0235234908759593,0.2122816294431686,0.1643724739551544,0.2258199751377105,0.2781786322593689,0.0383571833372116,0.0076374188065528,0.0619201585650444,0.0155810713768005,0.0841852948069572,0.1020910888910293,0.1668703854084015,0.2193308472633361,0.0415781401097774,0.0302427113056182,0.061007983982563,0.0532920062541961,0.148364320397377,0.0926738530397415,0.0725162774324417,0.047017578035593,0.1236042007803917,0.0204357989132404
0.5088914036750793,0.2940735220909118,0.4198465049266815,0.3233153223991394,0.5825313925743103,0.6584822535514832,0.273622065782547,0.5710036754608154,0.0267407186329364,0.3914636969566345,0.0224653724581003,0.389386236667633,0.6258094310760498,0.0429962761700153,0.7616843581199646,0.0247249752283096,0.0242154989391565,0.1134999021887779,0.0141453482210636,0.2255820035934448,0.1615036278963089,0.2298178076744079,0.2973150014877319,0.0336980670690536,0.007438083179295,0.061729684472084,0.0116313882172107,0.082173578441143,0.099460557103157,0.1739221811294555,0.2095081806182861,0.0544368289411067,0.0259058438241481,0.0620032735168933,0.0541295409202575,0.1424568593502044,0.0946034416556358,0.0715689584612846,0.0471828430891037,0.1299595832824707,0.0220275688916444
0.5087780356407166,0.2945469319820404,0.419338971376419,0.3234614729881286,0.5823041200637817,0.6585423946380615,0.2741283476352691,0.5705175399780273,0.026795707643032,0.3911354541778564,0.0226471126079559,0.3892606496810913,0.6258282661437988,0.0430221185088157,0.7614684104919434,0.0248448811471462,0.0242685917764902,0.1136205792427063,0.0142059559002518,0.2259190678596496,0.1617937088012695,0.2301626354455948,0.2977421283721924,0.0338701382279396,0.0074484311044216,0.0620395019650459,0.0117557495832443,0.0821722447872161,0.0996418818831443,0.1742006242275238,0.2097942233085632,0.0544458255171775,0.0258399471640586,0.0620305612683296,0.0542488768696785,0.1425824761390686,0.0946646183729171,0.0715804994106292,0.0471745356917381,0.1298024654388427,0.0219652205705642
0.5213436484336853,0.3079747557640075,0.413373202085495,0.3265074491500854,0.5611841678619385,0.6452471017837524,0.2422689944505691,0.5605600476264954,0.0280023291707038,0.3683885931968689,0.0219070799648761,0.3745820820331573,0.6170497536659241,0.0434670820832252,0.7682812809944153,0.0250879377126693,0.0238982792943716,0.1116844862699508,0.0136051326990127,0.2279082387685775,0.1588634103536605,0.2247651815414428,0.3083038926124573,0.0331002064049243,0.0081521021202206,0.0700111091136932,0.0129938554018735,0.0852939337491989,0.108391024172306,0.1796675026416778,0.2154921442270279,0.0546175576746463,0.0276176519691944,0.0604836270213127,0.0487901493906974,0.1444935053586959,0.094454601407051,0.0728985592722892,0.0461061373353004,0.1402351558208465,0.0221065394580364
0.5120083093643188,0.2978395819664001,0.4160757958889007,0.3263596296310425,0.5812280178070068,0.6618112921714783,0.2636853456497192,0.5736743211746216,0.0269900653511285,0.4037433564662933,0.022426288574934,0.392730176448822,0.6300594806671143,0.0429830104112625,0.7691490650177002,0.024436131119728,0.0241741277277469,0.1145073994994163,0.0136754643172025,0.2302434593439102,0.1596859693527221,0.2329032123088836,0.2996418476104736,0.0332590900361537,0.0077916425652801,0.0618875101208686,0.0120389778167009,0.082084983587265,0.0938278883695602,0.1749757826328277,0.2069162428379058,0.0532959215342998,0.0254799947142601,0.0608990862965583,0.0540796481072902,0.1415357887744903,0.0935802608728408,0.0716838166117668,0.0466486141085624,0.1300980299711227,0.0226213745772838
0.4411883652210235,0.2277791053056717,0.4458450078964233,0.152294635772705,0.639986515045166,0.7110234498977661,0.3544835448265075,0.6274591684341431,0.0281878169625997,0.4731476902961731,0.0096469540148973,0.3949795961380005,0.637911319732666,0.0309413503855466,0.8016072511672974,0.0275478698313236,0.0261777285486459,0.1055436357855796,0.0106583349406719,0.2405677735805511,0.1842758059501648,0.2303138077259063,0.2757025361061096,0.0292957406491041,0.0068636601790785,0.0343580991029739,0.0027533692773431,0.0782839432358741,0.0978732928633689,0.1542994081974029,0.1960408240556717,0.0463337525725364,0.0237297564744949,0.0846224427223205,0.069813959300518,0.1233392804861068,0.0983008667826652,0.0715284049510955,0.0409480333328247,0.1822982728481292,0.0426724217832088
0.4399820864200592,0.2309395372867584,0.4475978016853332,0.1597328782081604,0.6202527284622192,0.7080445289611816,0.3574429452419281,0.6241670250892639,0.0288340151309967,0.4676622748374939,0.0092706335708498,0.3917059004306793,0.6398271322250366,0.0307648330926895,0.7992802262306213,0.0271747503429651,0.0228927824646234,0.1052578091621398,0.0111383758485317,0.2459910809993744,0.1836935579776764,0.227840393781662,0.2688325643539428,0.0329690426588058,0.006933600641787,0.051981508731842,0.0028312755748629,0.0771789848804473,0.0973633676767349,0.1518757790327072,0.1965782344341278,0.0466352738440036,0.0239754151552915,0.0839627981185913,0.0599584020674228,0.1237062811851501,0.0981492698192596,0.0720249563455581,0.041339311748743,0.179227203130722,0.0417917892336845
0.4397611320018768,0.1941534876823425,0.4524731040000915,0.1415653079748153,0.6355592012405396,0.683853268623352,0.3570389747619629,0.6207724809646606,0.0296874996274709,0.4483736455440521,0.0081545952707529,0.3639081418514251,0.6196978688240051,0.0304526910185813,0.7805818319320679,0.0326551012694835,0.0218346267938613,0.1058602556586265,0.0125790759921073,0.212824285030365,0.1942831575870514,0.2093119919300079,0.2717080414295196,0.0278517175465822,0.0075818989425897,0.0581620931625366,0.0050001488998532,0.073898047208786,0.1002837270498275,0.102339431643486,0.142840638756752,0.0482507608830928,0.0265405680984258,0.0850677788257598,0.0595846995711326,0.1228418350219726,0.1004906371235847,0.0695390924811363,0.0405316613614559,0.2005288302898407,0.0416033715009689
0.4414451718330383,0.2230992317199707,0.442354679107666,0.1526012420654297,0.6218714714050293,0.7101950645446777,0.3672921359539032,0.6246447563171387,0.0300028435885906,0.4622678756713867,0.0089124785736203,0.3843143284320831,0.6375821232795715,0.0306037291884422,0.7906575202941895,0.0278009809553623,0.0223102904856205,0.1086398512125015,0.0124287959188222,0.2257582694292068,0.1892879754304886,0.2284876406192779,0.2716572880744934,0.0295943841338157,0.0064758406952023,0.047198187559843,0.0032037661876529,0.0773302540183067,0.1049442365765571,0.1499219834804535,0.1982249021530151,0.0473392158746719,0.0254929065704345,0.084439717233181,0.0610674433410167,0.1264708936214447,0.099520593881607,0.0729551911354065,0.0413895025849342,0.186984896659851,0.041854478418827
0.4812470972537994,0.2764005959033966,0.4222869873046875,0.2400448322296142,0.5689182281494141,0.684097170829773,0.3115052878856659,0.5720127820968628,0.0285186171531677,0.4115047454833984,0.0171644352376461,0.3817847669124603,0.6439974308013916,0.0263957306742668,0.7773450613021851,0.0278816819190979,0.0202498696744442,0.1123795509338378,0.0134191177785396,0.2316179871559143,0.1588967144489288,0.2379662543535232,0.2559510469436645,0.0284391250461339,0.0081102643162012,0.0614289864897728,0.010691026225686,0.0810672640800476,0.0963209643959999,0.1792594194412231,0.2154888361692428,0.0516054481267929,0.0257415808737278,0.0643201023340225,0.0536308512091636,0.1428225040435791,0.0964491665363311,0.069241464138031,0.0472180023789405,0.1728131920099258,0.0290653314441442
0.483433723449707,0.2756126224994659,0.4222534298896789,0.2380195409059524,0.5688635110855103,0.6858232021331787,0.3121248483657837,0.5728559494018555,0.0286104213446378,0.4125586152076721,0.0169273912906646,0.3801125884056091,0.643105149269104,0.0263921376317739,0.7785016298294067,0.0281218793243169,0.0203060414642095,0.1127871870994567,0.0134109770879149,0.2006044685840606,0.1600948870182037,0.2388181388378143,0.2605528831481933,0.0287791155278682,0.0082373432815074,0.0625595897436142,0.0107357110828161,0.0812397301197052,0.0964745581150055,0.1798723638057708,0.2146529555320739,0.0513074621558189,0.0259128846228122,0.0645624101161956,0.0535452589392662,0.1429090052843094,0.0965107008814811,0.0690917447209358,0.04693503677845,0.1725989729166031,0.0291153416037559
0.4692120552062988,0.2790072560310364,0.4329956471920013,0.256917655467987,0.5923067331314087,0.6870586276054382,0.3228507041931152,0.5782990455627441,0.0283652655780315,0.4257078170776367,0.0218327809125185,0.3992300629615783,0.6410712003707886,0.0326118916273117,0.7819326519966125,0.025001898407936,0.0210349466651678,0.1049204468727111,0.013396886177361,0.226920872926712,0.1589737981557846,0.2381714135408401,0.247757151722908,0.0288285315036773,0.0083140172064304,0.0527991652488708,0.0111265964806079,0.0798026323318481,0.0862609446048736,0.1711812019348144,0.2110378742218017,0.0519148856401443,0.0241364724934101,0.0647556409239769,0.0591503009200096,0.1413756310939788,0.095920592546463,0.0693846940994262,0.0476669631898403,0.1552538871765136,0.027236083522439
0.469143271446228,0.279496967792511,0.4320249855518341,0.2572546005249023,0.5907049775123596,0.6857932806015015,0.3211223185062408,0.5775699615478516,0.028346998617053,0.4222279787063598,0.0219215787947177,0.3994065225124359,0.63975989818573,0.0327379144728183,0.7813054323196411,0.0249707922339439,0.021026412025094,0.1049161106348037,0.0134199596941471,0.2265146672725677,0.1675039827823639,0.2370813190937042,0.2467827796936035,0.0283267963677644,0.0082074124366045,0.052836325019598,0.0111545491963624,0.079419694840908,0.0851195305585861,0.1710854321718216,0.2107347398996353,0.0515598021447658,0.0242715887725353,0.0645299702882766,0.0587809160351753,0.1414453089237213,0.0959340259432792,0.0693604871630668,0.0474908426403999,0.1575338691473007,0.0274637062102556
0.4718460142612457,0.2798210978507995,0.4318171143531799,0.2606916725635528,0.591739296913147,0.6866919994354248,0.3211358785629272,0.5774631500244141,0.028355311602354,0.4252067804336548,0.021656360477209,0.4042004346847534,0.6387225389480591,0.0322829931974411,0.7805509567260742,0.0241099447011947,0.0204096138477325,0.1037686765193939,0.0141135109588503,0.2241421341896057,0.1564544886350631,0.2303782403469085,0.2409589886665344,0.0273996852338314,0.0073208101093769,0.0534960739314556,0.0122906891629099,0.0786305144429206,0.08200703561306,0.1718161106109619,0.2105123102664947,0.0522075891494751,0.0245925709605216,0.063694529235363,0.0584265105426311,0.1415956318378448,0.0951656848192215,0.071006990969181,0.0480662658810615,0.1610568463802337,0.0274289548397064
0.4700374901294708,0.2796579599380493,0.4320239424705505,0.2561924457550049,0.5945595502853394,0.6891480684280396,0.3261139094829559,0.5792871713638306,0.0281616244465112,0.4300025999546051,0.0215722415596246,0.4076139032840729,0.6416177153587341,0.0318202897906303,0.7853333950042725,0.0241933912038803,0.0205081216990947,0.1041067466139793,0.0135959945619106,0.2282384783029556,0.1650793850421905,0.2305321395397186,0.2399949729442596,0.0275122560560703,0.0073916288092732,0.0535215251147747,0.0118650719523429,0.0790219232439994,0.0840178355574607,0.1720499843358993,0.2104443460702896,0.0520318076014518,0.0244491770863533,0.064393825829029,0.0583623424172401,0.1415792256593704,0.0959561243653297,0.0710895806550979,0.047951154410839,0.1630982309579849,0.0278681591153144
0.4900488555431366,0.2904983758926391,0.4336508512496948,0.2487459331750869,0.5897179841995239,0.6852933168411255,0.3072651326656341,0.5827316641807556,0.0272429697215557,0.4082647860050201,0.0217837933450937,0.3983606696128845,0.6479605436325073,0.0315602049231529,0.7811192274093628,0.0236173942685127,0.0204407908022403,0.1040832176804542,0.012166840955615,0.2301968485116958,0.1684049516916275,0.2329671531915664,0.2548959255218506,0.0286987740546464,0.0073195118457078,0.0585484877228736,0.0124101229012012,0.0811564028263092,0.0976022481918335,0.1818455457687378,0.2195052057504654,0.0511727221310138,0.025517888367176,0.0681594461202621,0.0549868568778038,0.1410838961601257,0.0968530029058456,0.0686695277690887,0.0461281687021255,0.1735437959432602,0.0311836656183004
0.489527016878128,0.2908751368522644,0.4332681894302368,0.2467867136001587,0.5896146893501282,0.6851238012313843,0.3030293583869934,0.5829951763153076,0.0272322185337543,0.4096772968769073,0.0221084393560886,0.3993825912475586,0.6478807926177979,0.0314664579927921,0.7803829312324524,0.0235926769673824,0.0204667374491691,0.1039856076240539,0.0119476467370986,0.2328606992959976,0.1679755747318267,0.2324106246232986,0.2560847997665405,0.0284632313996553,0.0073134936392307,0.0579783730208873,0.0124027272686362,0.0809445083141326,0.0963223576545715,0.181648313999176,0.2187825441360473,0.050892174243927,0.025593277066946,0.0680275112390518,0.0547865070402622,0.1409162729978561,0.0971347540616989,0.0686164647340774,0.0461181849241256,0.1727884709835052,0.031303085386753
0.4730992317199707,0.275688111782074,0.4305548369884491,0.2526986598968506,0.5893586277961731,0.6838728189468384,0.317660391330719,0.5791246891021729,0.0280064176768064,0.4260598123073578,0.0222170352935791,0.3997049927711487,0.6334066390991211,0.0321889109909534,0.7828909754753113,0.0239825434982776,0.0207456890493631,0.1025814339518547,0.0135155189782381,0.2281773388385772,0.1638770252466201,0.2272054553031921,0.2430282831192016,0.0273435376584529,0.0081295166164636,0.0540387444198131,0.0125527847558259,0.0787700191140174,0.0795618146657943,0.1717947870492935,0.2076629102230072,0.0521643944084644,0.0251102931797504,0.06340292096138,0.0573293715715408,0.1404495537281036,0.0953126549720764,0.069460779428482,0.0473825447261333,0.1658780574798584,0.028310727328062
0.4736642241477966,0.2760313749313354,0.4306520223617553,0.2525402307510376,0.5888429880142212,0.6840876340866089,0.3172928094863891,0.5793421864509583,0.0280231162905693,0.4256447553634643,0.0221469737589359,0.3989750146865845,0.6337789297103882,0.0321533754467964,0.7826619744300842,0.0240164548158645,0.0206897892057895,0.1027162224054336,0.0135104674845933,0.2275887429714203,0.163257360458374,0.2279928922653198,0.2442039847373962,0.0274335853755474,0.0080790743231773,0.0543245822191238,0.0125248171389102,0.078948326408863,0.0798718407750129,0.1719600111246109,0.207817330956459,0.0521284639835357,0.0251660458743572,0.0633437409996986,0.0572948604822158,0.1404887437820434,0.0953682363033294,0.0693866610527038,0.0473258420825004,0.165790170431137,0.0283068101853132
